scan21_111918022.jpg_0_2.jpg,2900,2900,seed,1117,1113,1143,1135
scan21_111918022.jpg_0_2.jpg,2900,2900,seed,1315,525,1340,547
scan21_111918022.jpg_0_2.jpg,2900,2900,seed,1219,1149,1243,1175
scan21_111918022.jpg_0_2.jpg,2900,2900,seed,1280,1346,1304,1368
scan21_111918022.jpg_0_2.jpg,2900,2900,seed,1359,749,1383,773
scan21_111918022.jpg_0_2.jpg,2900,2900,seed,1393,1007,1418,1028
scan21_111918022.jpg_0_2.jpg,2900,2900,seed,1314,1042,1338,1064
scan21_111918022.jpg_0_2.jpg,2900,2900,seed,682,1186,706,1208
scan21_111918022.jpg_0_2.jpg,2900,2900,seed,1083,867,1109,891
scan21_111918022.jpg_0_2.jpg,2900,2900,seed,1203,846,1229,869
scan21_111918022.jpg_0_2.jpg,2900,2900,seed,1172,958,1199,982
scan21_111918022.jpg_0_2.jpg,2900,2900,seed,1328,781,1356,806
scan21_111918022.jpg_0_2.jpg,2900,2900,seed,840,1355,865,1380
scan21_111918022.jpg_0_2.jpg,2900,2900,seed,1249,917,1275,940
scan21_111918022.jpg_0_2.jpg,2900,2900,seed,484,1341,508,1364
scan21_111918022.jpg_0_2.jpg,2900,2900,seed,881,1205,905,1228
scan21_111918022.jpg_0_2.jpg,2900,2900,seed,720,533,746,557
scan21_111918022.jpg_0_2.jpg,2900,2900,seed,499,854,523,878
scan21_111918022.jpg_0_2.jpg,2900,2900,seed,391,1378,416,1403
scan21_111918022.jpg_0_2.jpg,2900,2900,seed,1079,1331,1103,1354
scan21_111918022.jpg_0_2.jpg,2900,2900,seed,1248,1059,1273,1082
scan21_111918022.jpg_0_2.jpg,2900,2900,seed,1008,1299,1032,1323
scan21_111918022.jpg_0_2.jpg,2900,2900,seed,738,621,763,645
scan21_111918022.jpg_0_2.jpg,2900,2900,seed,869,739,894,762
scan21_111918022.jpg_0_2.jpg,2900,2900,seed,1069,1201,1095,1226
scan21_111918022.jpg_0_2.jpg,2900,2900,seed,1057,1373,1082,1397
scan21_111918022.jpg_0_2.jpg,2900,2900,seed,1260,1029,1285,1051
scan21_111918022.jpg_0_2.jpg,2900,2900,seed,1384,1082,1407,1104
scan21_111918022.jpg_0_2.jpg,2900,2900,seed,909,723,935,748
scan21_111918022.jpg_0_2.jpg,2900,2900,seed,1187,1333,1213,1356
scan21_111918022.jpg_0_2.jpg,2900,2900,seed,1345,671,1371,696
scan21_111918022.jpg_0_2.jpg,2900,2900,seed,1220,1311,1245,1334
scan21_111918022.jpg_0_2.jpg,2900,2900,seed,887,772,912,795
scan21_111918022.jpg_0_2.jpg,2900,2900,seed,1055,756,1080,780
scan21_111918022.jpg_0_2.jpg,2900,2900,seed,777,1227,801,1250
scan21_111918022.jpg_0_2.jpg,2900,2900,seed,812,1410,838,1434
scan21_111918022.jpg_0_2.jpg,2900,2900,seed,1074,890,1099,914
scan21_111918022.jpg_0_2.jpg,2900,2900,seed,1370,459,1394,483
scan21_111918022.jpg_0_2.jpg,2900,2900,seed,1417,1219,1441,1240
scan21_111918022.jpg_0_2.jpg,2900,2900,seed,1310,1357,1338,1379
scan21_111918022.jpg_0_2.jpg,2900,2900,seed,783,612,807,635
scan21_111918022.jpg_0_2.jpg,2900,2900,seed,614,620,638,644
scan21_111918022.jpg_0_2.jpg,2900,2900,seed,572,856,597,879
scan21_111918022.jpg_0_2.jpg,2900,2900,seed,1168,867,1192,890
scan21_111918022.jpg_0_2.jpg,2900,2900,seed,1269,1322,1298,1347
scan21_111918022.jpg_0_2.jpg,2900,2900,seed,870,865,896,889
scan21_111918022.jpg_0_2.jpg,2900,2900,seed,1419,978,1445,1002
scan21_111918022.jpg_0_2.jpg,2900,2900,seed,1340,825,1365,847
scan21_111918022.jpg_0_2.jpg,2900,2900,seed,1362,605,1386,626
scan21_111918022.jpg_0_2.jpg,2900,2900,seed,504,746,528,770
scan21_111918022.jpg_0_2.jpg,2900,2900,seed,708,769,732,793
scan21_111918022.jpg_0_2.jpg,2900,2900,seed,1395,713,1421,739
scan21_111918022.jpg_0_2.jpg,2900,2900,seed,802,1000,827,1024
scan21_111918022.jpg_0_2.jpg,2900,2900,seed,1051,1279,1077,1302
scan21_111918022.jpg_0_2.jpg,2900,2900,seed,708,872,733,897
scan21_111918022.jpg_0_2.jpg,2900,2900,seed,872,1356,897,1380
scan21_111918022.jpg_0_2.jpg,2900,2900,seed,1259,793,1283,814
scan21_111918022.jpg_0_2.jpg,2900,2900,seed,1027,844,1052,867
scan21_111918022.jpg_0_2.jpg,2900,2900,seed,1132,1210,1158,1235
scan21_111918022.jpg_0_2.jpg,2900,2900,seed,1300,684,1328,707
scan21_111918022.jpg_0_2.jpg,2900,2900,seed,1394,1045,1416,1066
scan21_111918022.jpg_0_2.jpg,2900,2900,seed,1133,956,1159,979
scan21_111918022.jpg_0_2.jpg,2900,2900,seed,1074,1016,1098,1039
scan21_111918022.jpg_0_2.jpg,2900,2900,seed,1284,1393,1309,1413
scan21_111918022.jpg_0_2.jpg,2900,2900,seed,1232,877,1256,897
scan21_111918022.jpg_0_2.jpg,2900,2900,seed,1045,905,1071,930
scan21_111918022.jpg_0_2.jpg,2900,2900,seed,1075,1174,1099,1198
scan21_111918022.jpg_0_2.jpg,2900,2900,seed,1405,1371,1433,1395
scan21_111918022.jpg_0_2.jpg,2900,2900,seed,1309,708,1333,730
scan21_111918022.jpg_0_2.jpg,2900,2900,seed,1294,782,1319,806
scan21_111918022.jpg_0_2.jpg,2900,2900,seed,1413,815,1436,841
scan21_111918022.jpg_0_2.jpg,2900,2900,seed,1293,1211,1316,1233
scan21_111918022.jpg_0_2.jpg,2900,2900,seed,936,1044,959,1067
scan21_111918022.jpg_0_2.jpg,2900,2900,seed,1333,753,1359,777
scan21_111918022.jpg_0_2.jpg,2900,2900,seed,1016,1221,1040,1243
scan21_111918022.jpg_0_2.jpg,2900,2900,seed,1427,934,1451,958
scan21_111918022.jpg_0_2.jpg,2900,2900,seed,1303,813,1331,837
scan21_111918022.jpg_0_2.jpg,2900,2900,seed,1130,1162,1157,1185
scan21_111918022.jpg_0_2.jpg,2900,2900,seed,1241,1295,1267,1320
scan21_111918022.jpg_0_2.jpg,2900,2900,seed,1210,525,1234,548
scan21_111918022.jpg_0_2.jpg,2900,2900,seed,1135,705,1160,728
scan21_111918022.jpg_0_2.jpg,2900,2900,seed,777,820,801,843
scan21_111918022.jpg_0_2.jpg,2900,2900,seed,932,1117,957,1141
scan21_111918022.jpg_0_2.jpg,2900,2900,seed,1306,1322,1330,1344
scan21_111918022.jpg_0_2.jpg,2900,2900,seed,734,1379,759,1402
scan21_111918022.jpg_0_2.jpg,2900,2900,seed,1227,897,1249,916
scan21_111918022.jpg_0_2.jpg,2900,2900,seed,1091,1139,1117,1164
scan21_111918022.jpg_0_2.jpg,2900,2900,seed,1226,1098,1250,1121
scan21_111918022.jpg_0_2.jpg,2900,2900,seed,781,543,807,566
scan21_111918022.jpg_0_2.jpg,2900,2900,seed,431,1384,457,1408
scan21_111918022.jpg_0_2.jpg,2900,2900,seed,1223,602,1247,625
scan21_111918022.jpg_0_2.jpg,2900,2900,seed,1190,1145,1216,1170
scan21_111918022.jpg_0_2.jpg,2900,2900,seed,1400,883,1425,907
scan21_111918022.jpg_0_2.jpg,2900,2900,seed,1023,680,1048,703
scan21_111918022.jpg_0_2.jpg,2900,2900,seed,1330,923,1356,948
scan21_111918022.jpg_0_2.jpg,2900,2900,seed,1165,799,1190,823
scan21_111918022.jpg_0_2.jpg,2900,2900,seed,908,657,935,686
scan21_111918022.jpg_0_2.jpg,2900,2900,seed,1107,1052,1131,1073
scan21_111918022.jpg_0_2.jpg,2900,2900,seed,1418,454,1442,476
scan21_111918022.jpg_0_2.jpg,2900,2900,seed,1257,1350,1282,1373
scan21_111918022.jpg_0_2.jpg,2900,2900,seed,1316,483,1341,505
scan21_111918022.jpg_0_2.jpg,2900,2900,seed,1037,1206,1060,1229
scan21_111918022.jpg_0_2.jpg,2900,2900,seed,838,657,864,681
scan21_111918022.jpg_0_2.jpg,2900,2900,seed,1385,639,1410,662
scan21_111918022.jpg_0_2.jpg,2900,2900,seed,1054,1147,1076,1170
scan21_111918022.jpg_0_2.jpg,2900,2900,seed,703,1085,728,1109
scan21_111918022.jpg_0_2.jpg,2900,2900,seed,1356,1184,1381,1208
scan21_111918022.jpg_0_2.jpg,2900,2900,seed,1030,1152,1054,1173
scan21_111918022.jpg_0_2.jpg,2900,2900,seed,1314,567,1339,589
scan21_111918022.jpg_0_2.jpg,2900,2900,seed,1271,1370,1292,1391
scan21_111918022.jpg_0_2.jpg,2900,2900,seed,1315,945,1339,965
scan21_111918022.jpg_0_2.jpg,2900,2900,seed,559,1070,585,1094
scan21_111918022.jpg_0_2.jpg,2900,2900,seed,766,789,791,813
scan21_111918022.jpg_0_2.jpg,2900,2900,seed,1376,1062,1399,1082
scan21_111918022.jpg_0_2.jpg,2900,2900,seed,900,1388,925,1412
scan21_111918022.jpg_0_2.jpg,2900,2900,seed,615,1329,638,1351
scan21_111918022.jpg_0_2.jpg,2900,2900,seed,1344,1320,1368,1341
scan21_111918022.jpg_0_2.jpg,2900,2900,seed,1163,1321,1188,1343
scan21_111918022.jpg_0_2.jpg,2900,2900,seed,1021,709,1046,733
scan21_111918022.jpg_0_2.jpg,2900,2900,seed,1125,607,1151,632
scan21_111918022.jpg_0_2.jpg,2900,2900,seed,848,1052,873,1076
scan21_111918022.jpg_0_2.jpg,2900,2900,seed,1261,700,1287,724
scan21_111918022.jpg_0_2.jpg,2900,2900,seed,1082,1047,1105,1070
scan21_111918022.jpg_0_2.jpg,2900,2900,seed,1378,794,1400,816
scan21_111918022.jpg_0_2.jpg,2900,2900,seed,1254,856,1279,879
scan21_111918022.jpg_0_2.jpg,2900,2900,seed,1303,744,1327,767
scan21_111918022.jpg_0_2.jpg,2900,2900,seed,1201,1064,1224,1083
scan21_111918022.jpg_0_2.jpg,2900,2900,seed,1336,1372,1359,1392
scan21_111918022.jpg_0_2.jpg,2900,2900,seed,1204,1033,1228,1057
scan21_111918022.jpg_0_2.jpg,2900,2900,seed,1349,1061,1372,1083
scan21_111918022.jpg_0_2.jpg,2900,2900,seed,1266,1277,1291,1302
scan21_111918022.jpg_0_2.jpg,2900,2900,seed,1273,1057,1301,1080
scan21_111918022.jpg_0_2.jpg,2900,2900,seed,1159,1122,1184,1146
scan21_111918022.jpg_0_2.jpg,2900,2900,seed,1305,1284,1329,1309
scan21_111918022.jpg_0_2.jpg,2900,2900,seed,1208,890,1230,911
scan21_111918022.jpg_0_2.jpg,2900,2900,seed,1054,599,1077,621
scan21_111918022.jpg_0_2.jpg,2900,2900,seed,1028,1130,1053,1152
scan21_111918022.jpg_0_2.jpg,2900,2900,seed,833,1140,858,1164
scan21_111918022.jpg_0_2.jpg,2900,2900,seed,1403,1396,1426,1418
scan21_111918022.jpg_0_2.jpg,2900,2900,seed,1201,1190,1227,1215
scan21_111918022.jpg_0_2.jpg,2900,2900,seed,915,1222,939,1245
scan21_111918022.jpg_0_2.jpg,2900,2900,seed,1377,1362,1399,1383
scan21_111918022.jpg_0_2.jpg,2900,2900,seed,1292,926,1318,951
scan21_111918022.jpg_0_2.jpg,2900,2900,seed,1131,634,1157,658
scan21_111918022.jpg_0_2.jpg,2900,2900,seed,986,659,1010,682
scan21_111918022.jpg_0_2.jpg,2900,2900,seed,1286,1174,1307,1195
scan21_111918022.jpg_0_2.jpg,2900,2900,seed,1174,981,1200,1003
scan21_111918022.jpg_0_2.jpg,2900,2900,seed,1352,1281,1378,1307
scan21_111918022.jpg_0_2.jpg,2900,2900,seed,1276,904,1300,928
scan21_111918022.jpg_0_2.jpg,2900,2900,seed,938,946,962,969
scan21_111918022.jpg_0_2.jpg,2900,2900,seed,1122,1026,1147,1051
scan21_111918022.jpg_0_2.jpg,2900,2900,seed,1039,1035,1066,1060
scan21_111918022.jpg_0_2.jpg,2900,2900,seed,1274,617,1298,640
scan21_111918022.jpg_0_2.jpg,2900,2900,seed,1406,1257,1430,1278
scan21_111918022.jpg_0_2.jpg,2900,2900,seed,955,1036,977,1060
scan21_111918022.jpg_0_2.jpg,2900,2900,seed,848,1075,872,1097
scan21_111918022.jpg_0_2.jpg,2900,2900,seed,1339,1249,1362,1267
scan21_111918022.jpg_0_2.jpg,2900,2900,seed,1388,814,1412,838
scan21_111918022.jpg_0_2.jpg,2900,2900,seed,913,1272,939,1297
scan21_111918022.jpg_0_2.jpg,2900,2900,seed,994,1146,1018,1170
scan21_111918022.jpg_0_2.jpg,2900,2900,seed,1299,1148,1319,1169
scan21_111918022.jpg_0_2.jpg,2900,2900,seed,785,1435,810,1449
scan21_111918022.jpg_0_2.jpg,2900,2900,seed,609,1170,634,1193
scan21_111918022.jpg_0_2.jpg,2900,2900,seed,1413,1171,1436,1196
scan21_111918022.jpg_0_2.jpg,2900,2900,seed,1383,906,1408,930
scan21_111918022.jpg_0_2.jpg,2900,2900,seed,1309,1399,1336,1421
scan21_111918022.jpg_0_2.jpg,2900,2900,seed,1141,752,1165,776
scan21_111918022.jpg_0_2.jpg,2900,2900,seed,660,686,683,708
scan21_111918022.jpg_0_2.jpg,2900,2900,seed,931,799,956,823
scan21_111918022.jpg_0_2.jpg,2900,2900,seed,1362,1103,1386,1125
scan21_111918022.jpg_0_2.jpg,2900,2900,seed,1170,1431,1196,1454
scan21_111918022.jpg_0_2.jpg,2900,2900,seed,1332,1089,1356,1110
scan21_111918022.jpg_0_2.jpg,2900,2900,seed,1329,1205,1352,1227
scan21_111918022.jpg_0_2.jpg,2900,2900,seed,1346,1027,1372,1050
scan21_111918022.jpg_0_2.jpg,2900,2900,seed,1383,673,1408,695
scan21_111918022.jpg_0_2.jpg,2900,2900,seed,1262,875,1288,899
scan21_111918022.jpg_0_2.jpg,2900,2900,seed,1101,1015,1126,1037
scan21_111918022.jpg_0_2.jpg,2900,2900,seed,1396,1315,1420,1337
scan21_111918022.jpg_0_2.jpg,2900,2900,seed,998,1418,1023,1441
scan21_111918022.jpg_0_2.jpg,2900,2900,seed,1254,991,1279,1014
scan21_111918022.jpg_0_2.jpg,2900,2900,seed,1308,1421,1331,1444
scan21_111918022.jpg_0_2.jpg,2900,2900,seed,962,1322,986,1346
scan21_111918022.jpg_0_2.jpg,2900,2900,seed,1370,1120,1396,1138
scan21_111918022.jpg_0_2.jpg,2900,2900,seed,1090,1259,1113,1283
scan21_111918022.jpg_0_2.jpg,2900,2900,seed,972,1145,997,1169
scan21_111918022.jpg_0_2.jpg,2900,2900,seed,307,1144,331,1168
scan21_111918022.jpg_0_2.jpg,2900,2900,seed,1162,908,1187,932
scan21_111918022.jpg_0_2.jpg,2900,2900,seed,930,1194,955,1219
scan21_111918022.jpg_0_2.jpg,2900,2900,seed,1364,874,1389,896
scan21_111918022.jpg_0_2.jpg,2900,2900,seed,872,905,897,929
scan21_111918022.jpg_0_2.jpg,2900,2900,seed,1232,1003,1256,1025
scan21_111918022.jpg_0_2.jpg,2900,2900,seed,966,1066,991,1090
scan21_111918022.jpg_0_2.jpg,2900,2900,seed,874,1274,900,1298
scan21_111918022.jpg_0_2.jpg,2900,2900,seed,1293,1259,1314,1280
scan21_111918022.jpg_0_2.jpg,2900,2900,seed,1173,1382,1196,1400
scan21_111918022.jpg_0_2.jpg,2900,2900,seed,1327,1171,1350,1191
scan21_111918022.jpg_0_2.jpg,2900,2900,seed,1042,1082,1069,1104
scan21_111918022.jpg_0_2.jpg,2900,2900,seed,1122,1139,1149,1161
scan21_111918022.jpg_0_2.jpg,2900,2900,seed,1353,894,1379,912
scan21_111918022.jpg_0_2.jpg,2900,2900,seed,1280,754,1304,777
scan21_111918022.jpg_0_2.jpg,2900,2900,seed,1367,582,1390,604
scan21_111918022.jpg_0_2.jpg,2900,2900,seed,1186,904,1208,927
scan21_111918022.jpg_0_2.jpg,2900,2900,seed,1404,651,1428,677
scan21_111918022.jpg_0_2.jpg,2900,2900,seed,924,1384,950,1407
scan21_111918022.jpg_0_2.jpg,2900,2900,seed,1385,1263,1408,1285
scan21_111918022.jpg_0_2.jpg,2900,2900,seed,1197,949,1224,972
scan21_111918022.jpg_0_2.jpg,2900,2900,seed,1302,1070,1325,1093
scan21_111918022.jpg_0_2.jpg,2900,2900,seed,1272,1299,1299,1323
scan21_111918022.jpg_0_2.jpg,2900,2900,seed,882,792,905,815
scan21_111918022.jpg_0_2.jpg,2900,2900,seed,1325,1337,1348,1356
scan21_111918022.jpg_0_2.jpg,2900,2900,seed,1401,1102,1429,1125
scan21_111918022.jpg_0_2.jpg,2900,2900,seed,1158,771,1185,796
scan21_111918022.jpg_0_2.jpg,2900,2900,seed,971,1397,996,1421
scan21_111918022.jpg_0_2.jpg,2900,2900,seed,1407,1196,1428,1220
scan21_111918022.jpg_0_2.jpg,2900,2900,seed,1353,1347,1375,1371
scan21_111918022.jpg_0_2.jpg,2900,2900,seed,1428,1089,1450,1112
scan21_111918022.jpg_0_2.jpg,2900,2900,seed,1246,937,1271,959
scan21_111918022.jpg_0_2.jpg,2900,2900,seed,1028,1184,1053,1206
scan21_111918022.jpg_0_2.jpg,2900,2900,seed,1405,1027,1429,1049
scan21_111918022.jpg_0_2.jpg,2900,2900,seed,1434,1037,1453,1059
scan21_111918022.jpg_0_2.jpg,2900,2900,seed,1394,1354,1415,1374
scan21_111918022.jpg_0_2.jpg,2900,2900,seed,1048,1062,1071,1082
scan21_111918022.jpg_0_2.jpg,2900,2900,seed,1099,1085,1124,1106
scan21_111918022.jpg_0_2.jpg,2900,2900,seed,1283,1079,1305,1099
scan21_111918022.jpg_0_2.jpg,2900,2900,seed,1234,1172,1258,1192
scan21_111918022.jpg_0_2.jpg,2900,2900,seed,1039,1255,1063,1274
scan21_111918022.jpg_0_2.jpg,2900,2900,seed,1193,1124,1216,1142
scan21_111918022.jpg_0_2.jpg,2900,2900,seed,1362,1046,1383,1066
scan21_111918022.jpg_0_2.jpg,2900,2900,seed,1266,1119,1290,1143
scan21_111918022.jpg_0_2.jpg,2900,2900,seed,1319,1237,1339,1257
scan21_111918022.jpg_0_2.jpg,2900,2900,seed,1188,1398,1207,1420
scan21_111918022.jpg_0_2.jpg,2900,2900,seed,1238,1140,1261,1158
scan21_111918022.jpg_0_2.jpg,2900,2900,seed,1159,1242,1184,1265
scan21_111918022.jpg_0_2.jpg,2900,2900,seed,1416,1148,1440,1171
scan21_111918022.jpg_0_2.jpg,2900,2900,seed,1071,1252,1092,1275
scan21_111918022.jpg_0_2.jpg,2900,2900,seed,1266,1195,1290,1215
scan21_111918022.jpg_0_2.jpg,2900,2900,seed,1426,1068,1449,1088
scan21_111918022.jpg_0_2.jpg,2900,2900,seed,408,1276,434,1301
scan21_111918022.jpg_0_2.jpg,2900,2900,seed,1247,1087,1272,1112
scan21_111918022.jpg_0_2.jpg,2900,2900,seed,1176,1056,1202,1079
scan21_111918022.jpg_0_2.jpg,2900,2900,seed,1340,880,1356,902
scan21_111918022.jpg_0_2.jpg,2900,2900,seed,1154,1047,1176,1071
scan21_111918022.jpg_0_2.jpg,2900,2900,seed,1017,1055,1042,1079
scan21_111918022.jpg_0_2.jpg,2900,2900,seed,1095,1180,1120,1202
scan21_111918022.jpg_0_2.jpg,2900,2900,seed,1396,1169,1416,1190
scan21_111918022.jpg_0_2.jpg,2900,2900,seed,1428,1194,1446,1215
scan21_111918022.jpg_0_2.jpg,2900,2900,seed,1270,1255,1294,1278
scan21_111918022.jpg_0_2.jpg,2900,2900,seed,1240,1410,1261,1430
scan21_111918022.jpg_0_2.jpg,2900,2900,seed,944,1331,966,1351
scan21_111918022.jpg_0_2.jpg,2900,2900,seed,1380,1169,1401,1191
scan21_111918022.jpg_0_2.jpg,2900,2900,seed,1436,593,1467,618
scan21_111918022.jpg_0_2.jpg,2900,2900,seed,912,886,937,908
scan21_111918022.jpg_0_2.jpg,2900,2900,seed,1381,564,1403,587
scan21_111918022.jpg_0_2.jpg,2900,2900,seed,1196,978,1220,999
scan21_111918022.jpg_0_2.jpg,2900,2900,seed,1252,1184,1274,1201
scan21_111918022.jpg_0_2.jpg,2900,2900,seed,1431,1391,1449,1414
scan21_111918022.jpg_0_2.jpg,2900,2900,seed,1439,1243,1455,1266
scan21_111918022.jpg_0_2.jpg,2900,2900,seed,1182,1081,1205,1101
scan21_111918022.jpg_0_2.jpg,2900,2900,seed,1319,1140,1340,1159
scan21_111918022.jpg_0_2.jpg,2900,2900,seed,1304,1180,1324,1200
scan21_111918022.jpg_0_2.jpg,2900,2900,seed,1365,1074,1386,1093
scan21_111918022.jpg_0_2.jpg,2900,2900,seed,1234,1393,1257,1411
scan21_111918022.jpg_0_2.jpg,2900,2900,seed,1336,1223,1356,1244
scan21_111918022.jpg_0_2.jpg,2900,2900,seed,1235,1121,1259,1142
scan21_111918022.jpg_0_2.jpg,2900,2900,seed,1335,1283,1351,1309
scan21_111918022.jpg_0_2.jpg,2900,2900,seed,1409,1345,1431,1367
scan21_111918022.jpg_0_2.jpg,2900,2900,seed,1204,931,1228,953
scan21_111918022.jpg_0_2.jpg,2900,2900,seed,1429,835,1453,853
scan21_111918022.jpg_0_2.jpg,2900,2900,seed,1313,1223,1331,1242
scan21_111918022.jpg_0_2.jpg,2900,2900,seed,1114,1072,1137,1091
scan21_111918022.jpg_0_2.jpg,2900,2900,seed,1293,1238,1316,1258
scan21_111918022.jpg_0_2.jpg,2900,2900,seed,1321,880,1342,904
scan21_111918022.jpg_0_2.jpg,2900,2900,seed,1335,1107,1359,1125
scan21_111918022.jpg_0_2.jpg,2900,2900,seed,1277,1228,1299,1251
scan21_111918022.jpg_0_2.jpg,2900,2900,seed,1402,988,1422,1011
scan21_111918022.jpg_0_2.jpg,2900,2900,seed,1283,1113,1304,1133
scan21_111918022.jpg_0_2.jpg,2900,2900,seed,1020,1256,1042,1278
scan21_111918022.jpg_0_2.jpg,2900,2900,seed,1201,1442,1227,1460
scan21_111918022.jpg_0_2.jpg,2900,2900,seed,1198,1091,1221,1111
scan21_111918022.jpg_0_2.jpg,2900,2900,seed,1205,912,1230,933
scan21_111918022.jpg_0_2.jpg,2900,2900,seed,1324,1181,1345,1203
scan21_111918022.jpg_0_2.jpg,2900,2900,seed,1341,1152,1364,1172
scan21_111918022.jpg_0_2.jpg,2900,2900,seed,1383,986,1405,1008
scan21_111918022.jpg_0_2.jpg,2900,2900,seed,1338,1133,1362,1152
scan21_111918022.jpg_0_2.jpg,2900,2900,seed,1260,1146,1282,1169
scan21_111918022.jpg_0_2.jpg,2900,2900,seed,1211,1108,1232,1127
scan21_111918022.jpg_0_2.jpg,2900,2900,seed,1225,959,1249,978
scan21_111918022.jpg_0_2.jpg,2900,2900,seed,1291,1096,1314,1117
scan21_111918022.jpg_0_2.jpg,2900,2900,seed,1262,1163,1281,1185
scan21_111918022.jpg_0_2.jpg,2900,2900,seed,1122,1438,1143,1455
scan21_111918022.jpg_0_2.jpg,2900,2900,seed,1323,1294,1340,1318
scan21_111918022.jpg_0_2.jpg,2900,2900,seed,1132,1041,1160,1064
scan21_111918022.jpg_0_2.jpg,2900,2900,seed,1143,1250,1169,1272
scan21_111918022.jpg_0_2.jpg,2900,2900,seed,1228,944,1251,963
scan21_111918022.jpg_0_2.jpg,2900,2900,seed,1434,1425,1454,1443
scan21_111918022.jpg_0_2.jpg,2900,2900,seed,1431,1111,1449,1130
scan21_111918022.jpg_0_2.jpg,2900,2900,seed,1154,1395,1178,1416
scan21_111918022.jpg_0_2.jpg,2900,2900,seed,1342,1343,1360,1363
scan21_111918022.jpg_0_2.jpg,2900,2900,seed,1393,1790,1419,1815
scan21_111918022.jpg_0_2.jpg,2900,2900,seed,840,1798,866,1822
scan21_111918022.jpg_0_2.jpg,2900,2900,seed,1218,1946,1242,1969
scan21_111918022.jpg_0_2.jpg,2900,2900,seed,1070,1691,1096,1715
scan21_111918022.jpg_0_2.jpg,2900,2900,seed,1374,1511,1401,1535
scan21_111918022.jpg_0_2.jpg,2900,2900,seed,1301,1964,1325,1985
scan21_111918022.jpg_0_2.jpg,2900,2900,seed,1305,1659,1329,1677
scan21_111918022.jpg_0_2.jpg,2900,2900,seed,833,2064,859,2087
scan21_111918022.jpg_0_2.jpg,2900,2900,seed,1351,1456,1376,1478
scan21_111918022.jpg_0_2.jpg,2900,2900,seed,1339,2109,1365,2134
scan21_111918022.jpg_0_2.jpg,2900,2900,seed,1344,2048,1369,2071
scan21_111918022.jpg_0_2.jpg,2900,2900,seed,954,1490,979,1514
scan21_111918022.jpg_0_2.jpg,2900,2900,seed,1308,1941,1333,1965
scan21_111918022.jpg_0_2.jpg,2900,2900,seed,1421,1831,1446,1855
scan21_111918022.jpg_0_2.jpg,2900,2900,seed,1217,1834,1241,1854
scan21_111918022.jpg_0_2.jpg,2900,2900,seed,908,1958,933,1981
scan21_111918022.jpg_0_2.jpg,2900,2900,seed,879,2134,904,2157
scan21_111918022.jpg_0_2.jpg,2900,2900,seed,830,1943,855,1969
scan21_111918022.jpg_0_2.jpg,2900,2900,seed,578,1498,603,1523
scan21_111918022.jpg_0_2.jpg,2900,2900,seed,748,2166,774,2191
scan21_111918022.jpg_0_2.jpg,2900,2900,seed,543,2265,569,2291
scan21_111918022.jpg_0_2.jpg,2900,2900,seed,1280,1545,1305,1568
scan21_111918022.jpg_0_2.jpg,2900,2900,seed,1362,2340,1387,2364
scan21_111918022.jpg_0_2.jpg,2900,2900,seed,926,2258,951,2282
scan21_111918022.jpg_0_2.jpg,2900,2900,seed,1351,1619,1377,1642
scan21_111918022.jpg_0_2.jpg,2900,2900,seed,1131,2224,1156,2248
scan21_111918022.jpg_0_2.jpg,2900,2900,seed,1100,1767,1125,1787
scan21_111918022.jpg_0_2.jpg,2900,2900,seed,1304,1750,1330,1773
scan21_111918022.jpg_0_2.jpg,2900,2900,seed,1078,1852,1103,1875
scan21_111918022.jpg_0_2.jpg,2900,2900,seed,1334,2364,1358,2387
scan21_111918022.jpg_0_2.jpg,2900,2900,seed,1379,1610,1404,1633
scan21_111918022.jpg_0_2.jpg,2900,2900,seed,1000,2315,1027,2341
scan21_111918022.jpg_0_2.jpg,2900,2900,seed,1258,1714,1283,1735
scan21_111918022.jpg_0_2.jpg,2900,2900,seed,1333,1583,1359,1608
scan21_111918022.jpg_0_2.jpg,2900,2900,seed,573,1466,598,1488
scan21_111918022.jpg_0_2.jpg,2900,2900,seed,1219,1796,1246,1819
scan21_111918022.jpg_0_2.jpg,2900,2900,seed,929,2504,954,2528
scan21_111918022.jpg_0_2.jpg,2900,2900,seed,1255,1788,1280,1812
scan21_111918022.jpg_0_2.jpg,2900,2900,seed,700,2262,728,2287
scan21_111918022.jpg_0_2.jpg,2900,2900,seed,1083,2350,1108,2375
scan21_111918022.jpg_0_2.jpg,2900,2900,seed,1239,1853,1264,1875
scan21_111918022.jpg_0_2.jpg,2900,2900,seed,886,1674,912,1698
scan21_111918022.jpg_0_2.jpg,2900,2900,seed,988,1977,1014,2001
scan21_111918022.jpg_0_2.jpg,2900,2900,seed,854,2272,878,2296
scan21_111918022.jpg_0_2.jpg,2900,2900,seed,1319,1815,1343,1839
scan21_111918022.jpg_0_2.jpg,2900,2900,seed,928,1677,954,1703
scan21_111918022.jpg_0_2.jpg,2900,2900,seed,1307,1849,1333,1870
scan21_111918022.jpg_0_2.jpg,2900,2900,seed,1419,2081,1443,2106
scan21_111918022.jpg_0_2.jpg,2900,2900,seed,650,2268,675,2291
scan21_111918022.jpg_0_2.jpg,2900,2900,seed,1286,1764,1311,1786
scan21_111918022.jpg_0_2.jpg,2900,2900,seed,1050,1752,1075,1775
scan21_111918022.jpg_0_2.jpg,2900,2900,seed,564,1719,589,1742
scan21_111918022.jpg_0_2.jpg,2900,2900,seed,326,1729,352,1753
scan21_111918022.jpg_0_2.jpg,2900,2900,seed,1013,1708,1039,1729
scan21_111918022.jpg_0_2.jpg,2900,2900,seed,548,2064,573,2088
scan21_111918022.jpg_0_2.jpg,2900,2900,seed,1300,1498,1326,1519
scan21_111918022.jpg_0_2.jpg,2900,2900,seed,1042,1477,1069,1502
scan21_111918022.jpg_0_2.jpg,2900,2900,seed,1223,1628,1247,1650
scan21_111918022.jpg_0_2.jpg,2900,2900,seed,1417,1974,1438,1993
scan21_111918022.jpg_0_2.jpg,2900,2900,seed,1305,2058,1330,2082
scan21_111918022.jpg_0_2.jpg,2900,2900,seed,501,1982,524,2006
scan21_111918022.jpg_0_2.jpg,2900,2900,seed,973,2512,998,2534
scan21_111918022.jpg_0_2.jpg,2900,2900,seed,1258,2380,1285,2403
scan21_111918022.jpg_0_2.jpg,2900,2900,seed,1185,1659,1209,1679
scan21_111918022.jpg_0_2.jpg,2900,2900,seed,1421,2202,1446,2225
scan21_111918022.jpg_0_2.jpg,2900,2900,seed,829,2219,854,2244
scan21_111918022.jpg_0_2.jpg,2900,2900,seed,975,1553,999,1575
scan21_111918022.jpg_0_2.jpg,2900,2900,seed,1253,1612,1278,1634
scan21_111918022.jpg_0_2.jpg,2900,2900,seed,928,1474,954,1494
scan21_111918022.jpg_0_2.jpg,2900,2900,seed,899,1861,925,1886
scan21_111918022.jpg_0_2.jpg,2900,2900,seed,704,2031,728,2054
scan21_111918022.jpg_0_2.jpg,2900,2900,seed,1071,1673,1095,1695
scan21_111918022.jpg_0_2.jpg,2900,2900,seed,879,2178,904,2203
scan21_111918022.jpg_0_2.jpg,2900,2900,seed,388,2145,413,2169
scan21_111918022.jpg_0_2.jpg,2900,2900,seed,1031,2185,1055,2208
scan21_111918022.jpg_0_2.jpg,2900,2900,seed,1410,1726,1435,1750
scan21_111918022.jpg_0_2.jpg,2900,2900,seed,923,1912,948,1936
scan21_111918022.jpg_0_2.jpg,2900,2900,seed,1104,1711,1130,1735
scan21_111918022.jpg_0_2.jpg,2900,2900,seed,897,1510,922,1534
scan21_111918022.jpg_0_2.jpg,2900,2900,seed,704,1766,729,1789
scan21_111918022.jpg_0_2.jpg,2900,2900,seed,978,2043,1003,2066
scan21_111918022.jpg_0_2.jpg,2900,2900,seed,919,1981,945,2004
scan21_111918022.jpg_0_2.jpg,2900,2900,seed,786,1451,811,1471
scan21_111918022.jpg_0_2.jpg,2900,2900,seed,420,1476,445,1502
scan21_111918022.jpg_0_2.jpg,2900,2900,seed,1373,2056,1397,2078
scan21_111918022.jpg_0_2.jpg,2900,2900,seed,1294,2284,1320,2310
scan21_111918022.jpg_0_2.jpg,2900,2900,seed,1315,1473,1339,1495
scan21_111918022.jpg_0_2.jpg,2900,2900,seed,1224,1687,1249,1710
scan21_111918022.jpg_0_2.jpg,2900,2900,seed,1080,1721,1105,1743
scan21_111918022.jpg_0_2.jpg,2900,2900,seed,1330,2637,1355,2661
scan21_111918022.jpg_0_2.jpg,2900,2900,seed,664,1676,690,1700
scan21_111918022.jpg_0_2.jpg,2900,2900,seed,1086,1611,1111,1635
scan21_111918022.jpg_0_2.jpg,2900,2900,seed,965,1914,991,1938
scan21_111918022.jpg_0_2.jpg,2900,2900,seed,735,1752,759,1774
scan21_111918022.jpg_0_2.jpg,2900,2900,seed,1103,2506,1128,2530
scan21_111918022.jpg_0_2.jpg,2900,2900,seed,1107,2072,1131,2097
scan21_111918022.jpg_0_2.jpg,2900,2900,seed,1099,2216,1123,2240
scan21_111918022.jpg_0_2.jpg,2900,2900,seed,1419,1590,1445,1612
scan21_111918022.jpg_0_2.jpg,2900,2900,seed,931,2074,956,2096
scan21_111918022.jpg_0_2.jpg,2900,2900,seed,1320,1876,1348,1901
scan21_111918022.jpg_0_2.jpg,2900,2900,seed,1256,2091,1281,2115
scan21_111918022.jpg_0_2.jpg,2900,2900,seed,1032,1850,1057,1874
scan21_111918022.jpg_0_2.jpg,2900,2900,seed,862,2072,887,2096
scan21_111918022.jpg_0_2.jpg,2900,2900,seed,541,1804,566,1828
scan21_111918022.jpg_0_2.jpg,2900,2900,seed,740,1929,764,1954
scan21_111918022.jpg_0_2.jpg,2900,2900,seed,1180,1556,1203,1578
scan21_111918022.jpg_0_2.jpg,2900,2900,seed,817,1608,842,1631
scan21_111918022.jpg_0_2.jpg,2900,2900,seed,1398,1550,1425,1575
scan21_111918022.jpg_0_2.jpg,2900,2900,seed,1279,1634,1302,1651
scan21_111918022.jpg_0_2.jpg,2900,2900,seed,856,1681,880,1703
scan21_111918022.jpg_0_2.jpg,2900,2900,seed,1200,1528,1225,1553
scan21_111918022.jpg_0_2.jpg,2900,2900,seed,1017,1873,1041,1895
scan21_111918022.jpg_0_2.jpg,2900,2900,seed,1233,1498,1257,1520
scan21_111918022.jpg_0_2.jpg,2900,2900,seed,646,1750,669,1773
scan21_111918022.jpg_0_2.jpg,2900,2900,seed,1107,1856,1131,1879
scan21_111918022.jpg_0_2.jpg,2900,2900,seed,959,1571,986,1594
scan21_111918022.jpg_0_2.jpg,2900,2900,seed,1299,1452,1322,1473
scan21_111918022.jpg_0_2.jpg,2900,2900,seed,621,1465,644,1486
scan21_111918022.jpg_0_2.jpg,2900,2900,seed,706,2460,731,2483
scan21_111918022.jpg_0_2.jpg,2900,2900,seed,1208,2493,1231,2516
scan21_111918022.jpg_0_2.jpg,2900,2900,seed,708,1446,731,1467
scan21_111918022.jpg_0_2.jpg,2900,2900,seed,928,1817,954,1841
scan21_111918022.jpg_0_2.jpg,2900,2900,seed,1424,1643,1447,1663
scan21_111918022.jpg_0_2.jpg,2900,2900,seed,978,1494,1001,1517
scan21_111918022.jpg_0_2.jpg,2900,2900,seed,550,1901,575,1924
scan21_111918022.jpg_0_2.jpg,2900,2900,seed,1382,1858,1406,1880
scan21_111918022.jpg_0_2.jpg,2900,2900,seed,755,1874,779,1897
scan21_111918022.jpg_0_2.jpg,2900,2900,seed,1243,1952,1269,1974
scan21_111918022.jpg_0_2.jpg,2900,2900,seed,898,1484,922,1506
scan21_111918022.jpg_0_2.jpg,2900,2900,seed,934,1706,959,1729
scan21_111918022.jpg_0_2.jpg,2900,2900,seed,822,1499,847,1523
scan21_111918022.jpg_0_2.jpg,2900,2900,seed,984,1885,1010,1907
scan21_111918022.jpg_0_2.jpg,2900,2900,seed,1228,2074,1254,2099
scan21_111918022.jpg_0_2.jpg,2900,2900,seed,1395,1670,1417,1690
scan21_111918022.jpg_0_2.jpg,2900,2900,seed,658,1989,683,2012
scan21_111918022.jpg_0_2.jpg,2900,2900,seed,592,1748,616,1771
scan21_111918022.jpg_0_2.jpg,2900,2900,seed,974,2567,998,2589
scan21_111918022.jpg_0_2.jpg,2900,2900,seed,927,2587,952,2611
scan21_111918022.jpg_0_2.jpg,2900,2900,seed,793,1649,817,1671
scan21_111918022.jpg_0_2.jpg,2900,2900,seed,1199,1937,1221,1958
scan21_111918022.jpg_0_2.jpg,2900,2900,seed,1204,1777,1228,1799
scan21_111918022.jpg_0_2.jpg,2900,2900,seed,1424,1800,1448,1824
scan21_111918022.jpg_0_2.jpg,2900,2900,seed,1029,1587,1054,1611
scan21_111918022.jpg_0_2.jpg,2900,2900,seed,919,1768,944,1792
scan21_111918022.jpg_0_2.jpg,2900,2900,seed,1018,2455,1043,2479
scan21_111918022.jpg_0_2.jpg,2900,2900,seed,1325,1517,1347,1538
scan21_111918022.jpg_0_2.jpg,2900,2900,seed,545,1874,570,1896
scan21_111918022.jpg_0_2.jpg,2900,2900,seed,1246,1755,1273,1773
scan21_111918022.jpg_0_2.jpg,2900,2900,seed,274,1923,299,1946
scan21_111918022.jpg_0_2.jpg,2900,2900,seed,930,1457,955,1478
scan21_111918022.jpg_0_2.jpg,2900,2900,seed,1047,1675,1071,1697
scan21_111918022.jpg_0_2.jpg,2900,2900,seed,551,2405,575,2428
scan21_111918022.jpg_0_2.jpg,2900,2900,seed,940,2279,964,2303
scan21_111918022.jpg_0_2.jpg,2900,2900,seed,422,2026,448,2051
scan21_111918022.jpg_0_2.jpg,2900,2900,seed,1385,1450,1407,1471
scan21_111918022.jpg_0_2.jpg,2900,2900,seed,1173,1594,1197,1619
scan21_111918022.jpg_0_2.jpg,2900,2900,seed,1177,1728,1203,1749
scan21_111918022.jpg_0_2.jpg,2900,2900,seed,1144,1929,1168,1952
scan21_111918022.jpg_0_2.jpg,2900,2900,seed,475,1797,502,1823
scan21_111918022.jpg_0_2.jpg,2900,2900,seed,432,1914,457,1939
scan21_111918022.jpg_0_2.jpg,2900,2900,seed,1174,1504,1200,1529
scan21_111918022.jpg_0_2.jpg,2900,2900,seed,1426,1499,1449,1523
scan21_111918022.jpg_0_2.jpg,2900,2900,seed,738,1700,763,1723
scan21_111918022.jpg_0_2.jpg,2900,2900,seed,945,1843,970,1867
scan21_111918022.jpg_0_2.jpg,2900,2900,seed,1162,1768,1187,1789
scan21_111918022.jpg_0_2.jpg,2900,2900,seed,862,2024,888,2049
scan21_111918022.jpg_0_2.jpg,2900,2900,seed,1172,1802,1197,1827
scan21_111918022.jpg_0_2.jpg,2900,2900,seed,1159,1950,1184,1974
scan21_111918022.jpg_0_2.jpg,2900,2900,seed,1417,1859,1439,1881
scan21_111918022.jpg_0_2.jpg,2900,2900,seed,1260,1468,1284,1491
scan21_111918022.jpg_0_2.jpg,2900,2900,seed,718,2432,743,2455
scan21_111918022.jpg_0_2.jpg,2900,2900,seed,1392,1965,1415,1986
scan21_111918022.jpg_0_2.jpg,2900,2900,seed,1094,1972,1119,1997
scan21_111918022.jpg_0_2.jpg,2900,2900,seed,1286,1467,1309,1489
scan21_111918022.jpg_0_2.jpg,2900,2900,seed,1365,2032,1389,2054
scan21_111918022.jpg_0_2.jpg,2900,2900,seed,561,2021,586,2045
scan21_111918022.jpg_0_2.jpg,2900,2900,seed,1078,1563,1101,1585
scan21_111918022.jpg_0_2.jpg,2900,2900,seed,1345,1900,1369,1923
scan21_111918022.jpg_0_2.jpg,2900,2900,seed,1426,1881,1449,1904
scan21_111918022.jpg_0_2.jpg,2900,2900,seed,805,2006,830,2030
scan21_111918022.jpg_0_2.jpg,2900,2900,seed,799,1855,824,1879
scan21_111918022.jpg_0_2.jpg,2900,2900,seed,1209,1753,1232,1774
scan21_111918022.jpg_0_2.jpg,2900,2900,seed,1418,1997,1440,2019
scan21_111918022.jpg_0_2.jpg,2900,2900,seed,656,2401,681,2424
scan21_111918022.jpg_0_2.jpg,2900,2900,seed,1179,1879,1205,1903
scan21_111918022.jpg_0_2.jpg,2900,2900,seed,1037,1648,1061,1672
scan21_111918022.jpg_0_2.jpg,2900,2900,seed,786,1762,812,1788
scan21_111918022.jpg_0_2.jpg,2900,2900,seed,1346,1512,1374,1530
scan21_111918022.jpg_0_2.jpg,2900,2900,seed,1203,1677,1222,1698
scan21_111918022.jpg_0_2.jpg,2900,2900,seed,1286,1589,1312,1612
scan21_111918022.jpg_0_2.jpg,2900,2900,seed,635,1846,660,1869
scan21_111918022.jpg_0_2.jpg,2900,2900,seed,1147,1634,1171,1658
scan21_111918022.jpg_0_2.jpg,2900,2900,seed,765,1526,792,1550
scan21_111918022.jpg_0_2.jpg,2900,2900,seed,972,1952,998,1976
scan21_111918022.jpg_0_2.jpg,2900,2900,seed,819,1454,844,1476
scan21_111918022.jpg_0_2.jpg,2900,2900,seed,522,1989,547,2012
scan21_111918022.jpg_0_2.jpg,2900,2900,seed,1207,2274,1232,2297
scan21_111918022.jpg_0_2.jpg,2900,2900,seed,1408,1760,1431,1782
scan21_111918022.jpg_0_2.jpg,2900,2900,seed,834,2292,858,2316
scan21_111918022.jpg_0_2.jpg,2900,2900,seed,1149,1686,1174,1708
scan21_111918022.jpg_0_2.jpg,2900,2900,seed,1190,1617,1215,1641
scan21_111918022.jpg_0_2.jpg,2900,2900,seed,1379,1583,1403,1607
scan21_111918022.jpg_0_2.jpg,2900,2900,seed,652,1862,677,1885
scan21_111918022.jpg_0_2.jpg,2900,2900,seed,1105,1739,1127,1760
scan21_111918022.jpg_0_2.jpg,2900,2900,seed,684,1507,707,1529
scan21_111918022.jpg_0_2.jpg,2900,2900,seed,500,1576,524,1599
scan21_111918022.jpg_0_2.jpg,2900,2900,seed,1277,2528,1300,2550
scan21_111918022.jpg_0_2.jpg,2900,2900,seed,823,1864,847,1888
scan21_111918022.jpg_0_2.jpg,2900,2900,seed,777,2075,801,2099
scan21_111918022.jpg_0_2.jpg,2900,2900,seed,1200,2012,1224,2035
scan21_111918022.jpg_0_2.jpg,2900,2900,seed,539,1634,563,1656
scan21_111918022.jpg_0_2.jpg,2900,2900,seed,1344,1820,1368,1839
scan21_111918022.jpg_0_2.jpg,2900,2900,seed,638,1670,662,1693
scan21_111918022.jpg_0_2.jpg,2900,2900,seed,1394,1689,1419,1709
scan21_111918022.jpg_0_2.jpg,2900,2900,seed,892,1719,917,1742
scan21_111918022.jpg_0_2.jpg,2900,2900,seed,915,1794,938,1815
scan21_111918022.jpg_0_2.jpg,2900,2900,seed,615,1738,640,1760
scan21_111918022.jpg_0_2.jpg,2900,2900,seed,978,2077,1003,2100
scan21_111918022.jpg_0_2.jpg,2900,2900,seed,487,1996,512,2017
scan21_111918022.jpg_0_2.jpg,2900,2900,seed,1425,2269,1448,2292
scan21_111918022.jpg_0_2.jpg,2900,2900,seed,1002,1791,1029,1815
scan21_111918022.jpg_0_2.jpg,2900,2900,seed,1056,2388,1080,2411
scan21_111918022.jpg_0_2.jpg,2900,2900,seed,1222,1769,1237,1790
scan21_111918022.jpg_0_2.jpg,2900,2900,seed,874,1453,899,1476
scan21_111918022.jpg_0_2.jpg,2900,2900,seed,1429,2153,1458,2177
scan21_111918022.jpg_0_2.jpg,2900,2900,seed,1375,1988,1405,2012
scan21_111918022.jpg_0_2.jpg,2900,2900,seed,786,1468,811,1491
scan21_111918022.jpg_0_2.jpg,2900,2900,seed,649,1602,673,1626
scan21_111918022.jpg_0_2.jpg,2900,2900,seed,1339,1672,1364,1694
scan21_111918022.jpg_0_2.jpg,2900,2900,seed,1154,1811,1177,1835
scan21_111918022.jpg_0_2.jpg,2900,2900,seed,1259,1812,1283,1834
scan21_111918022.jpg_0_2.jpg,2900,2900,seed,1420,1618,1444,1639
scan21_111918022.jpg_0_2.jpg,2900,2900,seed,1201,1556,1224,1577
scan21_111918022.jpg_0_2.jpg,2900,2900,seed,895,1784,920,1807
scan21_111918022.jpg_0_2.jpg,2900,2900,seed,1078,2119,1103,2142
scan21_111918022.jpg_0_2.jpg,2900,2900,seed,1132,1766,1156,1786
scan21_111918022.jpg_0_2.jpg,2900,2900,seed,1165,2038,1189,2060
scan21_111918022.jpg_0_2.jpg,2900,2900,seed,1072,1507,1096,1529
scan21_111918022.jpg_0_2.jpg,2900,2900,seed,806,1688,831,1712
scan21_111918022.jpg_0_2.jpg,2900,2900,seed,1292,1709,1312,1731
scan21_111918022.jpg_0_2.jpg,2900,2900,seed,1257,1974,1281,1998
scan21_111918022.jpg_0_2.jpg,2900,2900,seed,1033,1730,1055,1745
scan21_111918022.jpg_0_2.jpg,2900,2900,seed,657,1768,681,1790
scan21_111918022.jpg_0_2.jpg,2900,2900,seed,1211,2035,1235,2057
scan21_111918022.jpg_0_2.jpg,2900,2900,seed,1186,1947,1206,1969
scan21_111918022.jpg_0_2.jpg,2900,2900,seed,1136,1844,1161,1863
scan21_111918022.jpg_0_2.jpg,2900,2900,seed,1274,1698,1295,1718
scan21_111918022.jpg_0_2.jpg,2900,2900,seed,1400,1839,1422,1861
scan21_111918022.jpg_0_2.jpg,2900,2900,seed,1372,1670,1395,1693
scan21_111918022.jpg_0_2.jpg,2900,2900,seed,1090,1470,1115,1493
scan21_111918022.jpg_0_2.jpg,2900,2900,seed,1269,1568,1289,1589
scan21_111918022.jpg_0_2.jpg,2900,2900,seed,1059,2575,1083,2598
scan21_111918022.jpg_0_2.jpg,2900,2900,seed,857,1828,882,1851
scan21_111918022.jpg_0_2.jpg,2900,2900,seed,877,1476,902,1499
scan21_111918022.jpg_0_2.jpg,2900,2900,seed,1234,1873,1259,1896
scan21_111918022.jpg_0_2.jpg,2900,2900,seed,1322,1913,1347,1935
scan21_111918022.jpg_0_2.jpg,2900,2900,seed,1234,1594,1258,1617
scan21_111918022.jpg_0_2.jpg,2900,2900,seed,1254,1686,1278,1708
scan21_111918022.jpg_0_2.jpg,2900,2900,seed,568,1868,593,1890
scan21_111918022.jpg_0_2.jpg,2900,2900,seed,1106,1450,1132,1470
scan21_111918022.jpg_0_2.jpg,2900,2900,seed,1140,1536,1164,1557
scan21_111918022.jpg_0_2.jpg,2900,2900,seed,1386,2038,1409,2060
scan21_111918022.jpg_0_2.jpg,2900,2900,seed,949,1752,973,1776
scan21_111918022.jpg_0_2.jpg,2900,2900,seed,1294,1879,1317,1902
scan21_111918022.jpg_0_2.jpg,2900,2900,seed,1370,1727,1393,1748
scan21_111918022.jpg_0_2.jpg,2900,2900,seed,1231,1561,1256,1586
scan21_111918022.jpg_0_2.jpg,2900,2900,seed,671,1498,690,1521
scan21_111918022.jpg_0_2.jpg,2900,2900,seed,1209,1710,1225,1729
scan21_111918022.jpg_0_2.jpg,2900,2900,seed,1409,1956,1432,1973
scan21_111918022.jpg_0_2.jpg,2900,2900,seed,1336,1720,1358,1744
scan21_111918022.jpg_0_2.jpg,2900,2900,seed,1215,1815,1240,1837
scan21_111918022.jpg_0_2.jpg,2900,2900,seed,1151,1547,1175,1568
scan21_111918022.jpg_0_2.jpg,2900,2900,seed,1133,1664,1157,1686
scan21_111918022.jpg_0_2.jpg,2900,2900,seed,959,1654,982,1674
scan21_111918022.jpg_0_2.jpg,2900,2900,seed,1247,1663,1268,1687
scan21_111918022.jpg_0_2.jpg,2900,2900,seed,1288,1568,1311,1590
scan21_111918022.jpg_0_2.jpg,2900,2900,seed,1124,1725,1144,1741
scan21_111918022.jpg_0_2.jpg,2900,2900,seed,1424,1927,1450,1948
scan21_111918022.jpg_0_2.jpg,2900,2900,seed,988,2491,1010,2514
scan21_111918022.jpg_0_2.jpg,2900,2900,seed,1240,1933,1268,1956
scan21_111918022.jpg_0_2.jpg,2900,2900,seed,1265,2613,1289,2636
scan21_111918022.jpg_0_2.jpg,2900,2900,seed,1016,1678,1038,1696
scan21_111918022.jpg_0_2.jpg,2900,2900,seed,508,2189,533,2211
scan21_111918022.jpg_0_2.jpg,2900,2900,seed,1371,1806,1392,1826
scan21_111918022.jpg_0_2.jpg,2900,2900,seed,1026,1753,1049,1774
scan21_111918022.jpg_0_2.jpg,2900,2900,seed,937,1654,960,1675
scan21_111918022.jpg_0_2.jpg,2900,2900,seed,1197,1576,1221,1601
scan21_111918022.jpg_0_2.jpg,2900,2900,seed,1185,2029,1205,2053
scan21_111918022.jpg_0_2.jpg,2900,2900,seed,1203,2597,1228,2621
scan21_111918022.jpg_0_2.jpg,2900,2900,seed,1234,1647,1254,1667
scan21_111918022.jpg_0_2.jpg,2900,2900,seed,1415,1899,1441,1919
scan21_111918022.jpg_0_2.jpg,2900,2900,seed,1273,1670,1298,1693
scan21_111918022.jpg_0_2.jpg,2900,2900,seed,1386,1760,1412,1781
scan21_111918022.jpg_0_2.jpg,2900,2900,seed,962,1669,983,1689
scan21_111918022.jpg_0_2.jpg,2900,2900,seed,1278,1451,1299,1473
scan21_111918022.jpg_0_2.jpg,2900,2900,seed,1006,1763,1028,1783
scan21_111918022.jpg_0_2.jpg,2900,2900,seed,1241,1820,1267,1843
scan21_111918022.jpg_0_2.jpg,2900,2900,seed,1364,1757,1387,1779
scan21_111918022.jpg_0_2.jpg,2900,2900,seed,968,1788,996,1811
scan21_111918022.jpg_0_2.jpg,2900,2900,seed,986,1670,1009,1691
scan21_111918022.jpg_0_2.jpg,2900,2900,seed,1382,1837,1405,1857
scan21_111918022.jpg_0_2.jpg,2900,2900,seed,1344,1783,1366,1804
scan21_111918022.jpg_0_2.jpg,2900,2900,seed,1295,1918,1313,1937
scan21_111918022.jpg_0_2.jpg,2900,2900,seed,1435,1719,1450,1741
scan21_111918022.jpg_0_2.jpg,2900,2900,seed,1189,1710,1208,1733
scan21_111918022.jpg_0_2.jpg,2900,2900,seed,1205,1651,1226,1673
scan21_111918022.jpg_0_2.jpg,2900,2900,seed,1209,1733,1232,1750
scan21_111918022.jpg_0_2.jpg,2900,2900,seed,1365,1536,1392,1558
scan21_111918022.jpg_0_2.jpg,2900,2900,seed,228,1633,254,1655
scan21_111918022.jpg_0_2.jpg,2900,2900,seed,1396,1870,1418,1889
scan21_111918022.jpg_0_2.jpg,2900,2900,seed,998,1658,1021,1677
scan21_111918022.jpg_0_2.jpg,2900,2900,seed,1170,1668,1188,1696
scan21_111918022.jpg_0_2.jpg,2900,2900,seed,1157,1745,1179,1765
scan21_111918022.jpg_0_2.jpg,2900,2900,seed,1355,1718,1376,1737
scan21_111918022.jpg_0_2.jpg,2900,2900,seed,1021,1693,1047,1709
scan21_111918022.jpg_0_2.jpg,2900,2900,seed,1416,1670,1441,1691
scan21_111918022.jpg_0_2.jpg,2900,2900,seed,971,1755,991,1774
scan21_111918022.jpg_0_2.jpg,2900,2900,seed,1426,1769,1442,1791
scan21_111918022.jpg_0_2.jpg,2900,2900,seed,1320,1835,1343,1853
scan21_111918022.jpg_0_2.jpg,2900,2900,seed,1152,1830,1176,1848
scan21_111918022.jpg_0_2.jpg,2900,2900,seed,1223,1661,1247,1679
scan21_111918022.jpg_0_2.jpg,2900,2900,seed,1308,1726,1334,1751
scan21_111918022.jpg_0_2.jpg,2900,2900,seed,1350,1801,1372,1819
scan21_111918022.jpg_0_2.jpg,2900,2900,seed,1353,1532,1375,1551
scan21_111918022.jpg_0_2.jpg,2900,2900,seed,983,1646,1006,1666
scan21_111918022.jpg_0_2.jpg,2900,2900,seed,966,1776,990,1792
scan21_111918022.jpg_0_2.jpg,2900,2900,seed,1263,1927,1284,1949
scan21_111918022.jpg_0_2.jpg,2900,2900,seed,1367,1787,1387,1808
scan21_111918022.jpg_0_2.jpg,2900,2900,seed,1214,1720,1239,1738
scan21_111918022.jpg_0_2.jpg,2900,2900,seed,1295,1898,1316,1917
scan21_111918022.jpg_0_2.jpg,2900,2900,seed,1192,1639,1215,1663
scan21_111918022.jpg_0_2.jpg,2900,2900,seed,1283,1929,1302,1956
scan21_111918022.jpg_0_2.jpg,2900,2900,seed,1128,1736,1148,1754
scan21_111918022.jpg_0_2.jpg,2900,2900,seed,1119,1748,1141,1770
scan21_111918022.jpg_0_2.jpg,2900,2900,seed,1164,1721,1181,1743
scan21_111918022.jpg_0_2.jpg,2900,2900,seed,977,1634,994,1656
scan21_111918022.jpg_0_2.jpg,2900,2900,seed,1441,1462,1456,1486
scan21_111918022.jpg_0_2.jpg,2900,2900,seed,1129,1459,1155,1481
scan21_111918022.jpg_0_2.jpg,2900,2900,seed,1461,1154,1486,1178
scan21_111918022.jpg_0_2.jpg,2900,2900,seed,1904,1247,1929,1270
scan21_111918022.jpg_0_2.jpg,2900,2900,seed,1479,1403,1502,1424
scan21_111918022.jpg_0_2.jpg,2900,2900,seed,1870,1247,1895,1270
scan21_111918022.jpg_0_2.jpg,2900,2900,seed,1753,1314,1776,1334
scan21_111918022.jpg_0_2.jpg,2900,2900,seed,1571,743,1597,763
scan21_111918022.jpg_0_2.jpg,2900,2900,seed,1510,566,1535,590
scan21_111918022.jpg_0_2.jpg,2900,2900,seed,1498,710,1525,736
scan21_111918022.jpg_0_2.jpg,2900,2900,seed,1690,1346,1717,1370
scan21_111918022.jpg_0_2.jpg,2900,2900,seed,1649,1133,1675,1157
scan21_111918022.jpg_0_2.jpg,2900,2900,seed,1498,1313,1523,1336
scan21_111918022.jpg_0_2.jpg,2900,2900,seed,1635,1086,1662,1111
scan21_111918022.jpg_0_2.jpg,2900,2900,seed,1491,890,1516,913
scan21_111918022.jpg_0_2.jpg,2900,2900,seed,1520,1224,1542,1243
scan21_111918022.jpg_0_2.jpg,2900,2900,seed,1776,1297,1801,1320
scan21_111918022.jpg_0_2.jpg,2900,2900,seed,1528,818,1555,843
scan21_111918022.jpg_0_2.jpg,2900,2900,seed,1700,1117,1728,1144
scan21_111918022.jpg_0_2.jpg,2900,2900,seed,1636,890,1662,914
scan21_111918022.jpg_0_2.jpg,2900,2900,seed,1547,900,1571,922
scan21_111918022.jpg_0_2.jpg,2900,2900,seed,1560,1089,1587,1113
scan21_111918022.jpg_0_2.jpg,2900,2900,seed,1531,988,1558,1008
scan21_111918022.jpg_0_2.jpg,2900,2900,seed,1819,1084,1845,1107
scan21_111918022.jpg_0_2.jpg,2900,2900,seed,2020,1409,2044,1430
scan21_111918022.jpg_0_2.jpg,2900,2900,seed,1821,967,1845,990
scan21_111918022.jpg_0_2.jpg,2900,2900,seed,1569,1358,1595,1382
scan21_111918022.jpg_0_2.jpg,2900,2900,seed,1671,1176,1697,1199
scan21_111918022.jpg_0_2.jpg,2900,2900,seed,1549,1067,1573,1089
scan21_111918022.jpg_0_2.jpg,2900,2900,seed,1919,1266,1945,1289
scan21_111918022.jpg_0_2.jpg,2900,2900,seed,1619,1064,1643,1087
scan21_111918022.jpg_0_2.jpg,2900,2900,seed,1753,1354,1780,1376
scan21_111918022.jpg_0_2.jpg,2900,2900,seed,1625,937,1650,961
scan21_111918022.jpg_0_2.jpg,2900,2900,seed,1773,973,1799,997
scan21_111918022.jpg_0_2.jpg,2900,2900,seed,1856,1109,1882,1133
scan21_111918022.jpg_0_2.jpg,2900,2900,seed,1664,622,1689,645
scan21_111918022.jpg_0_2.jpg,2900,2900,seed,1479,1366,1503,1387
scan21_111918022.jpg_0_2.jpg,2900,2900,seed,1830,1192,1855,1216
scan21_111918022.jpg_0_2.jpg,2900,2900,seed,1478,1066,1502,1089
scan21_111918022.jpg_0_2.jpg,2900,2900,seed,1738,993,1763,1016
scan21_111918022.jpg_0_2.jpg,2900,2900,seed,1533,1120,1559,1144
scan21_111918022.jpg_0_2.jpg,2900,2900,seed,1560,618,1588,645
scan21_111918022.jpg_0_2.jpg,2900,2900,seed,1781,515,1805,538
scan21_111918022.jpg_0_2.jpg,2900,2900,seed,1567,987,1593,1010
scan21_111918022.jpg_0_2.jpg,2900,2900,seed,1779,1364,1805,1385
scan21_111918022.jpg_0_2.jpg,2900,2900,seed,1726,1388,1752,1411
scan21_111918022.jpg_0_2.jpg,2900,2900,seed,1676,1315,1701,1336
scan21_111918022.jpg_0_2.jpg,2900,2900,seed,1662,1286,1685,1307
scan21_111918022.jpg_0_2.jpg,2900,2900,seed,1851,1364,1876,1388
scan21_111918022.jpg_0_2.jpg,2900,2900,seed,1680,1143,1707,1167
scan21_111918022.jpg_0_2.jpg,2900,2900,seed,1530,886,1554,909
scan21_111918022.jpg_0_2.jpg,2900,2900,seed,1464,579,1486,602
scan21_111918022.jpg_0_2.jpg,2900,2900,seed,1626,1239,1650,1261
scan21_111918022.jpg_0_2.jpg,2900,2900,seed,1676,947,1701,971
scan21_111918022.jpg_0_2.jpg,2900,2900,seed,1899,1170,1923,1193
scan21_111918022.jpg_0_2.jpg,2900,2900,seed,1822,1304,1846,1327
scan21_111918022.jpg_0_2.jpg,2900,2900,seed,1569,723,1595,746
scan21_111918022.jpg_0_2.jpg,2900,2900,seed,1571,1258,1598,1282
scan21_111918022.jpg_0_2.jpg,2900,2900,seed,1504,766,1532,791
scan21_111918022.jpg_0_2.jpg,2900,2900,seed,1463,1303,1488,1325
scan21_111918022.jpg_0_2.jpg,2900,2900,seed,1818,1113,1845,1138
scan21_111918022.jpg_0_2.jpg,2900,2900,seed,1861,1425,1885,1446
scan21_111918022.jpg_0_2.jpg,2900,2900,seed,1699,804,1724,826
scan21_111918022.jpg_0_2.jpg,2900,2900,seed,1807,1258,1833,1280
scan21_111918022.jpg_0_2.jpg,2900,2900,seed,1579,682,1603,706
scan21_111918022.jpg_0_2.jpg,2900,2900,seed,1748,1331,1773,1352
scan21_111918022.jpg_0_2.jpg,2900,2900,seed,1831,1217,1854,1239
scan21_111918022.jpg_0_2.jpg,2900,2900,seed,1648,1184,1673,1206
scan21_111918022.jpg_0_2.jpg,2900,2900,seed,1812,862,1835,885
scan21_111918022.jpg_0_2.jpg,2900,2900,seed,1665,919,1690,943
scan21_111918022.jpg_0_2.jpg,2900,2900,seed,1734,1234,1758,1256
scan21_111918022.jpg_0_2.jpg,2900,2900,seed,1453,981,1477,1004
scan21_111918022.jpg_0_2.jpg,2900,2900,seed,1491,1386,1517,1403
scan21_111918022.jpg_0_2.jpg,2900,2900,seed,1875,1217,1901,1241
scan21_111918022.jpg_0_2.jpg,2900,2900,seed,1460,1030,1485,1054
scan21_111918022.jpg_0_2.jpg,2900,2900,seed,1505,1364,1530,1387
scan21_111918022.jpg_0_2.jpg,2900,2900,seed,1659,1108,1685,1133
scan21_111918022.jpg_0_2.jpg,2900,2900,seed,1825,1399,1849,1419
scan21_111918022.jpg_0_2.jpg,2900,2900,seed,1719,1316,1746,1338
scan21_111918022.jpg_0_2.jpg,2900,2900,seed,1451,1327,1474,1350
scan21_111918022.jpg_0_2.jpg,2900,2900,seed,1723,769,1749,794
scan21_111918022.jpg_0_2.jpg,2900,2900,seed,1629,995,1653,1018
scan21_111918022.jpg_0_2.jpg,2900,2900,seed,1998,591,2023,615
scan21_111918022.jpg_0_2.jpg,2900,2900,seed,1599,1172,1623,1194
scan21_111918022.jpg_0_2.jpg,2900,2900,seed,1540,757,1565,779
scan21_111918022.jpg_0_2.jpg,2900,2900,seed,1465,1427,1489,1448
scan21_111918022.jpg_0_2.jpg,2900,2900,seed,1502,1242,1524,1265
scan21_111918022.jpg_0_2.jpg,2900,2900,seed,1798,997,1824,1020
scan21_111918022.jpg_0_2.jpg,2900,2900,seed,1691,1278,1715,1300
scan21_111918022.jpg_0_2.jpg,2900,2900,seed,1751,1293,1776,1314
scan21_111918022.jpg_0_2.jpg,2900,2900,seed,1717,890,1742,914
scan21_111918022.jpg_0_2.jpg,2900,2900,seed,1601,1050,1626,1073
scan21_111918022.jpg_0_2.jpg,2900,2900,seed,1460,1266,1484,1288
scan21_111918022.jpg_0_2.jpg,2900,2900,seed,1582,825,1607,848
scan21_111918022.jpg_0_2.jpg,2900,2900,seed,1458,1381,1482,1403
scan21_111918022.jpg_0_2.jpg,2900,2900,seed,1642,1221,1667,1242
scan21_111918022.jpg_0_2.jpg,2900,2900,seed,1540,1151,1565,1174
scan21_111918022.jpg_0_2.jpg,2900,2900,seed,2244,1071,2269,1095
scan21_111918022.jpg_0_2.jpg,2900,2900,seed,1551,970,1576,989
scan21_111918022.jpg_0_2.jpg,2900,2900,seed,1466,726,1492,749
scan21_111918022.jpg_0_2.jpg,2900,2900,seed,1585,763,1610,786
scan21_111918022.jpg_0_2.jpg,2900,2900,seed,1587,1312,1613,1335
scan21_111918022.jpg_0_2.jpg,2900,2900,seed,1540,650,1564,673
scan21_111918022.jpg_0_2.jpg,2900,2900,seed,1630,855,1655,878
scan21_111918022.jpg_0_2.jpg,2900,2900,seed,1574,1154,1599,1178
scan21_111918022.jpg_0_2.jpg,2900,2900,seed,1863,963,1887,986
scan21_111918022.jpg_0_2.jpg,2900,2900,seed,1787,1068,1814,1092
scan21_111918022.jpg_0_2.jpg,2900,2900,seed,1720,1141,1748,1165
scan21_111918022.jpg_0_2.jpg,2900,2900,seed,1650,651,1676,675
scan21_111918022.jpg_0_2.jpg,2900,2900,seed,1725,608,1752,634
scan21_111918022.jpg_0_2.jpg,2900,2900,seed,1523,1072,1549,1096
scan21_111918022.jpg_0_2.jpg,2900,2900,seed,1455,893,1477,915
scan21_111918022.jpg_0_2.jpg,2900,2900,seed,2028,721,2054,745
scan21_111918022.jpg_0_2.jpg,2900,2900,seed,1764,1243,1790,1267
scan21_111918022.jpg_0_2.jpg,2900,2900,seed,1452,1357,1476,1381
scan21_111918022.jpg_0_2.jpg,2900,2900,seed,1881,1332,1906,1356
scan21_111918022.jpg_0_2.jpg,2900,2900,seed,1717,1032,1740,1055
scan21_111918022.jpg_0_2.jpg,2900,2900,seed,1636,1384,1662,1409
scan21_111918022.jpg_0_2.jpg,2900,2900,seed,1755,1381,1781,1406
scan21_111918022.jpg_0_2.jpg,2900,2900,seed,1602,898,1625,920
scan21_111918022.jpg_0_2.jpg,2900,2900,seed,1522,1251,1546,1276
scan21_111918022.jpg_0_2.jpg,2900,2900,seed,1631,800,1655,823
scan21_111918022.jpg_0_2.jpg,2900,2900,seed,1971,1419,1996,1441
scan21_111918022.jpg_0_2.jpg,2900,2900,seed,1626,1176,1650,1200
scan21_111918022.jpg_0_2.jpg,2900,2900,seed,1819,1426,1846,1448
scan21_111918022.jpg_0_2.jpg,2900,2900,seed,2355,1284,2380,1308
scan21_111918022.jpg_0_2.jpg,2900,2900,seed,1462,858,1487,880
scan21_111918022.jpg_0_2.jpg,2900,2900,seed,1781,1266,1805,1288
scan21_111918022.jpg_0_2.jpg,2900,2900,seed,1552,784,1578,808
scan21_111918022.jpg_0_2.jpg,2900,2900,seed,1826,1021,1853,1045
scan21_111918022.jpg_0_2.jpg,2900,2900,seed,1577,853,1602,875
scan21_111918022.jpg_0_2.jpg,2900,2900,seed,1849,1231,1874,1252
scan21_111918022.jpg_0_2.jpg,2900,2900,seed,1961,1271,1986,1294
scan21_111918022.jpg_0_2.jpg,2900,2900,seed,1773,1146,1798,1170
scan21_111918022.jpg_0_2.jpg,2900,2900,seed,1666,1221,1690,1243
scan21_111918022.jpg_0_2.jpg,2900,2900,seed,1754,1017,1780,1040
scan21_111918022.jpg_0_2.jpg,2900,2900,seed,1777,1420,1801,1443
scan21_111918022.jpg_0_2.jpg,2900,2900,seed,1619,964,1644,988
scan21_111918022.jpg_0_2.jpg,2900,2900,seed,1546,1388,1575,1415
scan21_111918022.jpg_0_2.jpg,2900,2900,seed,1669,1270,1692,1291
scan21_111918022.jpg_0_2.jpg,2900,2900,seed,1534,1270,1558,1293
scan21_111918022.jpg_0_2.jpg,2900,2900,seed,1587,964,1613,988
scan21_111918022.jpg_0_2.jpg,2900,2900,seed,1471,1179,1492,1201
scan21_111918022.jpg_0_2.jpg,2900,2900,seed,1708,1090,1733,1112
scan21_111918022.jpg_0_2.jpg,2900,2900,seed,1763,1112,1788,1135
scan21_111918022.jpg_0_2.jpg,2900,2900,seed,1856,1201,1883,1223
scan21_111918022.jpg_0_2.jpg,2900,2900,seed,1778,1170,1800,1191
scan21_111918022.jpg_0_2.jpg,2900,2900,seed,1491,588,1516,611
scan21_111918022.jpg_0_2.jpg,2900,2900,seed,1592,801,1610,822
scan21_111918022.jpg_0_2.jpg,2900,2900,seed,1687,1092,1711,1115
scan21_111918022.jpg_0_2.jpg,2900,2900,seed,1523,1398,1545,1417
scan21_111918022.jpg_0_2.jpg,2900,2900,seed,1891,1193,1917,1216
scan21_111918022.jpg_0_2.jpg,2900,2900,seed,1807,1331,1830,1353
scan21_111918022.jpg_0_2.jpg,2900,2900,seed,1520,966,1542,988
scan21_111918022.jpg_0_2.jpg,2900,2900,seed,1459,836,1482,859
scan21_111918022.jpg_0_2.jpg,2900,2900,seed,1571,904,1591,927
scan21_111918022.jpg_0_2.jpg,2900,2900,seed,1749,1204,1776,1224
scan21_111918022.jpg_0_2.jpg,2900,2900,seed,1501,1415,1526,1439
scan21_111918022.jpg_0_2.jpg,2900,2900,seed,1760,1057,1785,1075
scan21_111918022.jpg_0_2.jpg,2900,2900,seed,1476,1244,1501,1266
scan21_111918022.jpg_0_2.jpg,2900,2900,seed,1675,809,1697,830
scan21_111918022.jpg_0_2.jpg,2900,2900,seed,1546,836,1571,860
scan21_111918022.jpg_0_2.jpg,2900,2900,seed,1653,804,1673,826
scan21_111918022.jpg_0_2.jpg,2900,2900,seed,1456,1241,1480,1266
scan21_111918022.jpg_0_2.jpg,2900,2900,seed,1543,451,1567,474
scan21_111918022.jpg_0_2.jpg,2900,2900,seed,1496,1212,1519,1234
scan21_111918022.jpg_0_2.jpg,2900,2900,seed,1685,1223,1706,1243
scan21_111918022.jpg_0_2.jpg,2900,2900,seed,1443,1214,1465,1231
scan21_111918022.jpg_0_2.jpg,2900,2900,seed,2288,1221,2312,1244
scan21_111918022.jpg_0_2.jpg,2900,2900,seed,1446,1183,1470,1207
scan21_111918022.jpg_0_2.jpg,2900,2900,seed,1703,1298,1725,1321
scan21_111918022.jpg_0_2.jpg,2900,2900,seed,1667,1057,1692,1078
scan21_111918022.jpg_0_2.jpg,2900,2900,seed,1797,1285,1819,1307
scan21_111918022.jpg_0_2.jpg,2900,2900,seed,1782,1340,1809,1365
scan21_111918022.jpg_0_2.jpg,2900,2900,seed,1663,693,1688,717
scan21_111918022.jpg_0_2.jpg,2900,2900,seed,1830,1240,1855,1262
scan21_111918022.jpg_0_2.jpg,2900,2900,seed,1521,1203,1543,1226
scan21_111918022.jpg_0_2.jpg,2900,2900,seed,1696,1038,1717,1058
scan21_111918022.jpg_0_2.jpg,2900,2900,seed,1680,1252,1703,1276
scan21_111918022.jpg_0_2.jpg,2900,2900,seed,1798,545,1823,568
scan21_111918022.jpg_0_2.jpg,2900,2900,seed,1613,868,1640,890
scan21_111918022.jpg_0_2.jpg,2900,2900,seed,1800,1313,1822,1334
scan21_111918022.jpg_0_2.jpg,2900,2900,seed,1723,1185,1746,1210
scan21_111918022.jpg_0_2.jpg,2900,2900,seed,1567,926,1588,947
scan21_111918022.jpg_0_2.jpg,2900,2900,seed,1585,1330,1611,1350
scan21_111918022.jpg_0_2.jpg,2900,2900,seed,1978,524,2003,548
scan21_111918022.jpg_0_2.jpg,2900,2900,seed,1762,1169,1782,1191
scan21_111918022.jpg_0_2.jpg,2900,2900,seed,1916,1296,1941,1313
scan21_111918022.jpg_0_2.jpg,2900,2900,seed,1887,1419,1910,1440
scan21_111918022.jpg_0_2.jpg,2900,2900,seed,1700,992,1725,1015
scan21_111918022.jpg_0_2.jpg,2900,2900,seed,1637,1048,1658,1069
scan21_111918022.jpg_0_2.jpg,2900,2900,seed,1740,1175,1759,1201
scan21_111918022.jpg_0_2.jpg,2900,2900,seed,1539,934,1560,955
scan21_111918022.jpg_0_2.jpg,2900,2900,seed,1576,799,1595,819
scan21_111918022.jpg_0_2.jpg,2900,2900,seed,1776,1385,1800,1408
scan21_111918022.jpg_0_2.jpg,2900,2900,seed,1500,823,1525,846
scan21_111918022.jpg_0_2.jpg,2900,2900,seed,1729,1335,1752,1356
scan21_111918022.jpg_0_2.jpg,2900,2900,seed,1554,946,1577,966
scan21_111918022.jpg_0_2.jpg,2900,2900,seed,2166,679,2191,704
scan21_111918022.jpg_0_2.jpg,2900,2900,seed,1476,1196,1500,1218
scan21_111918022.jpg_0_2.jpg,2900,2900,seed,1567,762,1586,786
scan21_111918022.jpg_0_2.jpg,2900,2900,seed,1460,1398,1484,1418
scan21_111918022.jpg_0_2.jpg,2900,2900,seed,1475,904,1496,926
scan21_111918022.jpg_0_2.jpg,2900,2900,seed,1874,1304,1898,1325
scan21_111918022.jpg_0_2.jpg,2900,2900,seed,1647,1025,1670,1044
scan21_111918022.jpg_0_2.jpg,2900,2900,seed,1752,1192,1779,1208
scan21_111918022.jpg_0_2.jpg,2900,2900,seed,1754,1038,1778,1056
scan21_111918022.jpg_0_2.jpg,2900,2900,seed,1676,1009,1699,1028
scan21_111918022.jpg_0_2.jpg,2900,2900,seed,1685,860,1708,881
scan21_111918022.jpg_0_2.jpg,2900,2900,seed,1448,1106,1464,1127
scan21_111918022.jpg_0_2.jpg,2900,2900,seed,1665,1037,1689,1055
scan21_111918022.jpg_0_2.jpg,2900,2900,seed,1486,1432,1510,1458
scan21_111918022.jpg_0_2.jpg,2900,2900,seed,1447,1082,1464,1108
scan21_111918022.jpg_0_2.jpg,2900,2900,seed,1534,1412,1559,1430
scan21_111918022.jpg_0_2.jpg,2900,2900,seed,1925,1286,1950,1304
scan21_111918022.jpg_0_2.jpg,2900,2900,seed,1675,1438,1701,1449
scan21_111918022.jpg_0_2.jpg,2900,2900,seed,1550,1432,1575,1449
scan21_111918022.jpg_0_2.jpg,2900,2900,seed,1573,1435,1597,1453
scan21_111918022.jpg_0_2.jpg,2900,2900,seed,1570,1668,1595,1691
scan21_111918022.jpg_0_2.jpg,2900,2900,seed,1666,1499,1691,1520
scan21_111918022.jpg_0_2.jpg,2900,2900,seed,1517,1847,1543,1870
scan21_111918022.jpg_0_2.jpg,2900,2900,seed,1822,1672,1848,1695
scan21_111918022.jpg_0_2.jpg,2900,2900,seed,1687,1641,1713,1664
scan21_111918022.jpg_0_2.jpg,2900,2900,seed,1713,1775,1740,1799
scan21_111918022.jpg_0_2.jpg,2900,2900,seed,1677,1788,1702,1811
scan21_111918022.jpg_0_2.jpg,2900,2900,seed,1648,1813,1674,1837
scan21_111918022.jpg_0_2.jpg,2900,2900,seed,1513,1499,1537,1519
scan21_111918022.jpg_0_2.jpg,2900,2900,seed,1699,1807,1724,1830
scan21_111918022.jpg_0_2.jpg,2900,2900,seed,1717,1501,1742,1524
scan21_111918022.jpg_0_2.jpg,2900,2900,seed,1471,2025,1494,2047
scan21_111918022.jpg_0_2.jpg,2900,2900,seed,1857,1500,1882,1524
scan21_111918022.jpg_0_2.jpg,2900,2900,seed,1769,1598,1794,1619
scan21_111918022.jpg_0_2.jpg,2900,2900,seed,1895,1626,1921,1650
scan21_111918022.jpg_0_2.jpg,2900,2900,seed,1668,1849,1696,1875
scan21_111918022.jpg_0_2.jpg,2900,2900,seed,1622,1730,1645,1752
scan21_111918022.jpg_0_2.jpg,2900,2900,seed,1864,1676,1891,1698
scan21_111918022.jpg_0_2.jpg,2900,2900,seed,1705,1850,1731,1873
scan21_111918022.jpg_0_2.jpg,2900,2900,seed,1840,1601,1871,1631
scan21_111918022.jpg_0_2.jpg,2900,2900,seed,1834,1707,1859,1728
scan21_111918022.jpg_0_2.jpg,2900,2900,seed,1469,1983,1495,2005
scan21_111918022.jpg_0_2.jpg,2900,2900,seed,1676,1476,1701,1500
scan21_111918022.jpg_0_2.jpg,2900,2900,seed,1628,1636,1657,1659
scan21_111918022.jpg_0_2.jpg,2900,2900,seed,1825,1572,1851,1596
scan21_111918022.jpg_0_2.jpg,2900,2900,seed,1693,1966,1718,1989
scan21_111918022.jpg_0_2.jpg,2900,2900,seed,1750,1721,1775,1743
scan21_111918022.jpg_0_2.jpg,2900,2900,seed,1768,1541,1792,1564
scan21_111918022.jpg_0_2.jpg,2900,2900,seed,1910,1675,1935,1700
scan21_111918022.jpg_0_2.jpg,2900,2900,seed,2152,1702,2177,1726
scan21_111918022.jpg_0_2.jpg,2900,2900,seed,1450,2303,1475,2327
scan21_111918022.jpg_0_2.jpg,2900,2900,seed,1462,1841,1486,1863
scan21_111918022.jpg_0_2.jpg,2900,2900,seed,1509,2151,1535,2177
scan21_111918022.jpg_0_2.jpg,2900,2900,seed,1451,1957,1474,1979
scan21_111918022.jpg_0_2.jpg,2900,2900,seed,1515,2085,1540,2106
scan21_111918022.jpg_0_2.jpg,2900,2900,seed,1543,2205,1567,2228
scan21_111918022.jpg_0_2.jpg,2900,2900,seed,1640,2032,1665,2056
scan21_111918022.jpg_0_2.jpg,2900,2900,seed,1820,1538,1847,1560
scan21_111918022.jpg_0_2.jpg,2900,2900,seed,2111,1912,2136,1935
scan21_111918022.jpg_0_2.jpg,2900,2900,seed,2169,1992,2194,2016
scan21_111918022.jpg_0_2.jpg,2900,2900,seed,2184,1658,2210,1682
scan21_111918022.jpg_0_2.jpg,2900,2900,seed,1649,1579,1673,1601
scan21_111918022.jpg_0_2.jpg,2900,2900,seed,1933,1621,1959,1644
scan21_111918022.jpg_0_2.jpg,2900,2900,seed,1561,1625,1585,1650
scan21_111918022.jpg_0_2.jpg,2900,2900,seed,1575,2200,1599,2223
scan21_111918022.jpg_0_2.jpg,2900,2900,seed,1532,2485,1557,2509
scan21_111918022.jpg_0_2.jpg,2900,2900,seed,1585,1965,1610,1987
scan21_111918022.jpg_0_2.jpg,2900,2900,seed,1818,1482,1844,1504
scan21_111918022.jpg_0_2.jpg,2900,2900,seed,1624,1541,1649,1565
scan21_111918022.jpg_0_2.jpg,2900,2900,seed,1757,1790,1780,1813
scan21_111918022.jpg_0_2.jpg,2900,2900,seed,1921,1940,1946,1963
scan21_111918022.jpg_0_2.jpg,2900,2900,seed,1805,2097,1829,2120
scan21_111918022.jpg_0_2.jpg,2900,2900,seed,2170,1588,2195,1611
scan21_111918022.jpg_0_2.jpg,2900,2900,seed,1897,1570,1920,1593
scan21_111918022.jpg_0_2.jpg,2900,2900,seed,1555,2001,1583,2027
scan21_111918022.jpg_0_2.jpg,2900,2900,seed,1588,1542,1612,1566
scan21_111918022.jpg_0_2.jpg,2900,2900,seed,1538,1634,1564,1656
scan21_111918022.jpg_0_2.jpg,2900,2900,seed,1548,1899,1573,1922
scan21_111918022.jpg_0_2.jpg,2900,2900,seed,1603,2043,1627,2066
scan21_111918022.jpg_0_2.jpg,2900,2900,seed,1954,1677,1981,1701
scan21_111918022.jpg_0_2.jpg,2900,2900,seed,1778,1475,1798,1494
scan21_111918022.jpg_0_2.jpg,2900,2900,seed,1514,1651,1541,1674
scan21_111918022.jpg_0_2.jpg,2900,2900,seed,1706,1563,1730,1586
scan21_111918022.jpg_0_2.jpg,2900,2900,seed,1824,2306,1848,2328
scan21_111918022.jpg_0_2.jpg,2900,2900,seed,1991,1606,2017,1631
scan21_111918022.jpg_0_2.jpg,2900,2900,seed,1585,1512,1612,1536
scan21_111918022.jpg_0_2.jpg,2900,2900,seed,1810,1846,1836,1869
scan21_111918022.jpg_0_2.jpg,2900,2900,seed,1795,1591,1820,1613
scan21_111918022.jpg_0_2.jpg,2900,2900,seed,1902,1857,1929,1883
scan21_111918022.jpg_0_2.jpg,2900,2900,seed,1980,1662,2005,1685
scan21_111918022.jpg_0_2.jpg,2900,2900,seed,2240,1674,2266,1698
scan21_111918022.jpg_0_2.jpg,2900,2900,seed,1504,1588,1529,1611
scan21_111918022.jpg_0_2.jpg,2900,2900,seed,1683,2463,1708,2487
scan21_111918022.jpg_0_2.jpg,2900,2900,seed,2084,1492,2108,1513
scan21_111918022.jpg_0_2.jpg,2900,2900,seed,2192,1524,2217,1548
scan21_111918022.jpg_0_2.jpg,2900,2900,seed,1524,1887,1548,1906
scan21_111918022.jpg_0_2.jpg,2900,2900,seed,1899,1533,1924,1555
scan21_111918022.jpg_0_2.jpg,2900,2900,seed,1680,1517,1706,1539
scan21_111918022.jpg_0_2.jpg,2900,2900,seed,1664,1552,1686,1574
scan21_111918022.jpg_0_2.jpg,2900,2900,seed,1607,1860,1632,1883
scan21_111918022.jpg_0_2.jpg,2900,2900,seed,1502,1483,1526,1502
scan21_111918022.jpg_0_2.jpg,2900,2900,seed,1593,1686,1617,1709
scan21_111918022.jpg_0_2.jpg,2900,2900,seed,1549,1687,1573,1712
scan21_111918022.jpg_0_2.jpg,2900,2900,seed,1476,1630,1499,1653
scan21_111918022.jpg_0_2.jpg,2900,2900,seed,2028,1958,2053,1981
scan21_111918022.jpg_0_2.jpg,2900,2900,seed,2068,1630,2095,1654
scan21_111918022.jpg_0_2.jpg,2900,2900,seed,1820,1697,1845,1714
scan21_111918022.jpg_0_2.jpg,2900,2900,seed,1795,1902,1819,1926
scan21_111918022.jpg_0_2.jpg,2900,2900,seed,2098,1514,2123,1538
scan21_111918022.jpg_0_2.jpg,2900,2900,seed,1610,1908,1634,1930
scan21_111918022.jpg_0_2.jpg,2900,2900,seed,1779,1522,1801,1543
scan21_111918022.jpg_0_2.jpg,2900,2900,seed,1740,2513,1764,2538
scan21_111918022.jpg_0_2.jpg,2900,2900,seed,1552,1490,1575,1512
scan21_111918022.jpg_0_2.jpg,2900,2900,seed,1505,1521,1530,1546
scan21_111918022.jpg_0_2.jpg,2900,2900,seed,1534,1822,1559,1844
scan21_111918022.jpg_0_2.jpg,2900,2900,seed,1546,1595,1572,1619
scan21_111918022.jpg_0_2.jpg,2900,2900,seed,1452,1910,1474,1931
scan21_111918022.jpg_0_2.jpg,2900,2900,seed,1537,1945,1561,1968
scan21_111918022.jpg_0_2.jpg,2900,2900,seed,1753,1669,1781,1693
scan21_111918022.jpg_0_2.jpg,2900,2900,seed,2110,1816,2134,1840
scan21_111918022.jpg_0_2.jpg,2900,2900,seed,1680,1716,1705,1738
scan21_111918022.jpg_0_2.jpg,2900,2900,seed,1879,1765,1903,1788
scan21_111918022.jpg_0_2.jpg,2900,2900,seed,2144,1727,2168,1748
scan21_111918022.jpg_0_2.jpg,2900,2900,seed,1453,2051,1476,2073
scan21_111918022.jpg_0_2.jpg,2900,2900,seed,1517,1778,1541,1801
scan21_111918022.jpg_0_2.jpg,2900,2900,seed,1775,1701,1800,1723
scan21_111918022.jpg_0_2.jpg,2900,2900,seed,1560,2089,1587,2112
scan21_111918022.jpg_0_2.jpg,2900,2900,seed,1683,1666,1707,1688
scan21_111918022.jpg_0_2.jpg,2900,2900,seed,1676,1880,1701,1903
scan21_111918022.jpg_0_2.jpg,2900,2900,seed,2070,1778,2095,1802
scan21_111918022.jpg_0_2.jpg,2900,2900,seed,1465,1889,1487,1913
scan21_111918022.jpg_0_2.jpg,2900,2900,seed,1482,1872,1507,1895
scan21_111918022.jpg_0_2.jpg,2900,2900,seed,2051,1829,2077,1854
scan21_111918022.jpg_0_2.jpg,2900,2900,seed,1829,1864,1851,1887
scan21_111918022.jpg_0_2.jpg,2900,2900,seed,1768,1749,1793,1771
scan21_111918022.jpg_0_2.jpg,2900,2900,seed,1771,1772,1795,1794
scan21_111918022.jpg_0_2.jpg,2900,2900,seed,1554,1794,1579,1817
scan21_111918022.jpg_0_2.jpg,2900,2900,seed,1832,1515,1857,1537
scan21_111918022.jpg_0_2.jpg,2900,2900,seed,1492,1854,1515,1875
scan21_111918022.jpg_0_2.jpg,2900,2900,seed,1589,1987,1616,2012
scan21_111918022.jpg_0_2.jpg,2900,2900,seed,1563,2357,1587,2381
scan21_111918022.jpg_0_2.jpg,2900,2900,seed,1804,1872,1829,1894
scan21_111918022.jpg_0_2.jpg,2900,2900,seed,1517,1912,1540,1934
scan21_111918022.jpg_0_2.jpg,2900,2900,seed,1914,1709,1940,1733
scan21_111918022.jpg_0_2.jpg,2900,2900,seed,1588,2096,1613,2118
scan21_111918022.jpg_0_2.jpg,2900,2900,seed,1474,1455,1495,1475
scan21_111918022.jpg_0_2.jpg,2900,2900,seed,1466,1808,1489,1829
scan21_111918022.jpg_0_2.jpg,2900,2900,seed,1728,1689,1753,1710
scan21_111918022.jpg_0_2.jpg,2900,2900,seed,1633,2467,1659,2492
scan21_111918022.jpg_0_2.jpg,2900,2900,seed,1850,1570,1876,1593
scan21_111918022.jpg_0_2.jpg,2900,2900,seed,2143,1957,2168,1980
scan21_111918022.jpg_0_2.jpg,2900,2900,seed,1699,1619,1726,1642
scan21_111918022.jpg_0_2.jpg,2900,2900,seed,1616,1472,1640,1494
scan21_111918022.jpg_0_2.jpg,2900,2900,seed,1574,2044,1600,2067
scan21_111918022.jpg_0_2.jpg,2900,2900,seed,1922,1797,1949,1821
scan21_111918022.jpg_0_2.jpg,2900,2900,seed,1485,1830,1511,1852
scan21_111918022.jpg_0_2.jpg,2900,2900,seed,1474,1656,1499,1678
scan21_111918022.jpg_0_2.jpg,2900,2900,seed,1459,1781,1482,1804
scan21_111918022.jpg_0_2.jpg,2900,2900,seed,1776,1728,1800,1749
scan21_111918022.jpg_0_2.jpg,2900,2900,seed,1793,1553,1818,1576
scan21_111918022.jpg_0_2.jpg,2900,2900,seed,1873,1940,1898,1962
scan21_111918022.jpg_0_2.jpg,2900,2900,seed,1589,1600,1615,1624
scan21_111918022.jpg_0_2.jpg,2900,2900,seed,2146,1543,2174,1565
scan21_111918022.jpg_0_2.jpg,2900,2900,seed,2005,1967,2029,1991
scan21_111918022.jpg_0_2.jpg,2900,2900,seed,1721,1727,1747,1750
scan21_111918022.jpg_0_2.jpg,2900,2900,seed,1982,1869,2007,1892
scan21_111918022.jpg_0_2.jpg,2900,2900,seed,1480,1915,1502,1937
scan21_111918022.jpg_0_2.jpg,2900,2900,seed,1597,1464,1620,1482
scan21_111918022.jpg_0_2.jpg,2900,2900,seed,1814,1462,1840,1484
scan21_111918022.jpg_0_2.jpg,2900,2900,seed,2172,1532,2195,1555
scan21_111918022.jpg_0_2.jpg,2900,2900,seed,1550,2243,1575,2265
scan21_111918022.jpg_0_2.jpg,2900,2900,seed,1456,1454,1477,1474
scan21_111918022.jpg_0_2.jpg,2900,2900,seed,1701,1596,1726,1618
scan21_111918022.jpg_0_2.jpg,2900,2900,seed,2154,2214,2178,2237
scan21_111918022.jpg_0_2.jpg,2900,2900,seed,1866,1651,1893,1675
scan21_111918022.jpg_0_2.jpg,2900,2900,seed,1707,1678,1729,1700
scan21_111918022.jpg_0_2.jpg,2900,2900,seed,1866,1589,1890,1608
scan21_111918022.jpg_0_2.jpg,2900,2900,seed,1592,1764,1617,1787
scan21_111918022.jpg_0_2.jpg,2900,2900,seed,2139,1561,2163,1579
scan21_111918022.jpg_0_2.jpg,2900,2900,seed,1536,1713,1561,1737
scan21_111918022.jpg_0_2.jpg,2900,2900,seed,1686,1692,1711,1712
scan21_111918022.jpg_0_2.jpg,2900,2900,seed,2231,1637,2256,1659
scan21_111918022.jpg_0_2.jpg,2900,2900,seed,1560,1468,1582,1489
scan21_111918022.jpg_0_2.jpg,2900,2900,seed,1536,1868,1561,1890
scan21_111918022.jpg_0_2.jpg,2900,2900,seed,1472,1473,1495,1495
scan21_111918022.jpg_0_2.jpg,2900,2900,seed,1889,1589,1913,1608
scan21_111918022.jpg_0_2.jpg,2900,2900,seed,1645,1608,1670,1629
scan21_111918022.jpg_0_2.jpg,2900,2900,seed,1576,1483,1598,1502
scan21_111918022.jpg_0_2.jpg,2900,2900,seed,1686,1562,1708,1579
scan21_111918022.jpg_0_2.jpg,2900,2900,seed,1837,1448,1864,1464
scan21_111918022.jpg_0_2.jpg,2900,2900,seed,1600,1483,1617,1502
scan21_111918022.jpg_0_2.jpg,2900,2900,seed,1560,1817,1583,1839
scan21_111918022.jpg_0_2.jpg,2900,2900,seed,1755,1477,1777,1494
scan21_111918022.jpg_0_2.jpg,2900,2900,seed,1542,1509,1565,1532
scan21_111918022.jpg_0_2.jpg,2900,2900,seed,1450,1716,1465,1738
scan21_111918022.jpg_0_2.jpg,2900,2900,seed,1525,1486,1546,1507
scan21_111918022.jpg_0_2.jpg,2900,2900,seed,1486,1898,1508,1922
scan21_111918022.jpg_0_2.jpg,2900,2900,seed,1463,1864,1486,1887
scan21_111918022.jpg_0_2.jpg,2900,2900,seed,1642,1502,1668,1523
scan21_111918022.jpg_0_2.jpg,2900,2900,seed,1631,1454,1657,1476
scan21_111918022.jpg_0_2.jpg,2900,2900,seed,1842,1475,1865,1500
scan21_111918022.jpg_0_2.jpg,2900,2900,seed,1572,1452,1593,1471
scan21_111918022.jpg_0_2.jpg,2900,2900,seed,1440,1816,1464,1837
scan21_111918022.jpg_0_2.jpg,2900,2900,seed,1506,1892,1528,1916
scan21_111918022.jpg_0_2.jpg,2900,2900,seed,1768,2311,1794,2335
scan21_111918022.jpg_0_2.jpg,2900,2900,seed,1735,1467,1757,1487
scan21_111918022.jpg_0_2.jpg,2900,2900,seed,1639,1487,1665,1507
scan21_111918022.jpg_0_2.jpg,2900,2900,seed,1759,1450,1783,1466
scan21_111918022.jpg_0_2.jpg,2900,2900,seed,1879,1457,1903,1474
scan21_111918022.jpg_0_2.jpg,2900,2900,seed,1529,1440,1553,1459
scan21_111918022.jpg_0_2.jpg,2900,2900,seed,1779,1447,1809,1466
scan21_111918022.jpg_0_2.jpg,2900,2900,seed,1545,1451,1569,1466
scan21_111918022.jpg_0_2.jpg,2900,2900,seed,1663,1600,1682,1617
scan21_111918022.jpg_0_2.jpg,2900,2900,seed,2176,1869,2201,1890
scan21_111918022.jpg_0_2.jpg,2900,2900,seed,1438,1634,1460,1652
scan21_111918022.jpg_0_2.jpg,2900,2900,seed,2426,1713,2460,1745
scan21_111918022.jpg_0_2.jpg,2900,2900,seed,2326,1859,2360,1891
scan21_111918022.jpg_0_2.jpg,2900,2900,seed,1711,2325,1737,2349
scan21_111918022.jpg_0_2.jpg,2900,2900,seed,1904,2502,1930,2526
scan21_111918022.jpg_0_2.jpg,2900,2900,seed,1344,2417,1368,2440
scan21_111918022.jpg_0_2.jpg,2900,2900,seed,1511,2604,1535,2627
scan21_111918022.jpg_0_2.jpg,2900,2900,seed,1437,2586,1461,2609
scan21_111918022.jpg_0_2.jpg,2900,2900,seed,231,2126,256,2149
scan21_111918022.jpg_0_2.jpg,2900,2900,seed,1015,1746,1037,1766
scan21_111918022.jpg_0_2.jpg,2900,2900,seed,1021,1735,1043,1755
scan21_111918022.jpg_0_2.jpg,2900,2900,seed,1135,1748,1157,1770
scan21_111918022.jpg_0_2.jpg,2900,2900,seed,1236,1770,1251,1791
scan21_111918022.jpg_0_2.jpg,2900,2900,seed,1415,1916,1441,1937
scan21_111918022.jpg_0_2.jpg,2900,2900,seed,1799,1438,1818,1462
scan21_111918022.jpg_0_2.jpg,2900,2900,seed,1800,1398,1819,1422
scan21_111918022.jpg_0_2.jpg,2900,2900,seed,1810,1405,1829,1429
scan21_111918022.jpg_0_2.jpg,2900,2900,seed,1881,1443,1905,1460
scan21_111918022.jpg_0_2.jpg,2900,2900,seed,1674,1575,1692,1596
scan21_111918022.jpg_0_2.jpg,2900,2900,seed,1688,1574,1706,1595
scan21_111918022.jpg_0_2.jpg,2900,2900,seed,1680,1591,1698,1612
scan21_111918022.jpg_0_2.jpg,2900,2900,seed,1601,1493,1622,1516
scan21_111918022.jpg_0_2.jpg,2900,2900,seed,1463,1649,1482,1668
scan21_111918022.jpg_0_2.jpg,2900,2900,seed,1454,1664,1477,1687
scan21_111918022.jpg_0_2.jpg,2900,2900,seed,1437,1674,1458,1692
scan21_111918022.jpg_0_2.jpg,2900,2900,seed,1248,1582,1269,1600
scan21_111918022.jpg_0_2.jpg,2900,2900,seed,1197,1595,1218,1614
scan21_111918022.jpg_0_2.jpg,2900,2900,seed,1337,1527,1355,1552
scan21_111918022.jpg_0_2.jpg,2900,2900,seed,1446,1438,1461,1462
scan21_111918022.jpg_0_2.jpg,2900,2900,seed,1432,1408,1454,1427
scan21_111918022.jpg_0_2.jpg,2900,2900,seed,1285,1376,1306,1397
scan21_111918022.jpg_0_2.jpg,2900,2900,seed,1623,1445,1646,1462
scan21_111918022.jpg_0_2.jpg,2900,2900,seed,1649,1443,1672,1460
scan21_111918022.jpg_0_2.jpg,2900,2900,seed,1755,1465,1777,1482
scan21_111918022.jpg_0_2.jpg,2900,2900,seed,1889,1312,1913,1333
scan21_111918022.jpg_0_2.jpg,2900,2900,seed,1655,1049,1675,1074
scan21_111918022.jpg_0_2.jpg,2900,2900,seed,1543,961,1563,979
scan21_111918022.jpg_0_2.jpg,2900,2900,seed,1562,852,1580,871
scan21_111918022.jpg_0_2.jpg,2900,2900,seed,1313,928,1331,952
scan21_111918022.jpg_0_2.jpg,2900,2900,seed,1212,969,1234,991
scan21_111918022.jpg_0_2.jpg,2900,2900,seed,1035,1058,1051,1082
scan21_111918022.jpg_0_2.jpg,2900,2900,seed,1173,1400,1190,1422
scan21_111918022.jpg_0_2.jpg,2900,2900,seed,1136,1420,1160,1441
scan21_111918022.jpg_0_2.jpg,2900,2900,seed,1113,1397,1137,1418
scan21_111918022.jpg_0_2.jpg,2900,2900,seed,1138,1399,1162,1421
scan21_111918022.jpg_0_2.jpg,2900,2900,seed,1460,1197,1484,1219
scan21_111918022.jpg_0_2.jpg,2900,2900,seed,1035,1233,1059,1252
scan21_111918022.jpg_0_2.jpg,2900,2900,seed,1045,1239,1065,1259
scan21_111918022.jpg_0_2.jpg,2900,2900,seed,1057,1246,1077,1266
scan21_111918022.jpg_0_2.jpg,2900,2900,seed,209,1298,233,1322
scan21_111918022.jpg_0_2.jpg,2900,2900,seed,653,1375,677,1399
scan21_111918022.jpg_0_2.jpg,2900,2900,seed,1042,1740,1063,1758
scan21_111918022.jpg_0_2.jpg,2900,2900,seed,1146,1731,1163,1753
scan21_111918022.jpg_0_2.jpg,2900,2900,seed,1173,1743,1191,1761
scan21_111918022.jpg_0_2.jpg,2900,2900,seed,1351,1233,1374,1251
scan21_111918022.jpg_0_2.jpg,2900,2900,seed,1441,1127,1466,1151
scan21_111918022.jpg_0_2.jpg,2900,2900,seed,1664,1021,1687,1040
scan21_111918022.jpg_0_2.jpg,2900,2900,seed,1309,1163,1330,1180
