<annotation>
	<folder>01_done</folder>
	<filename>scan15_110918016.jpg_2_2 (1).jpg</filename>
	<path>C:\Users\Fanrui Meng\Desktop\01_done\scan15_110918016.jpg_2_2 (1).jpg</path>
	<source>
		<database>Unknown</database>
	</source>
	<size>
		<width>2900</width>
		<height>2900</height>
		<depth>3</depth>
	</size>
	<segmented>0</segmented>
	<object>
		<name>seed</name>
		<pose>Unspecified</pose>
		<truncated>0</truncated>
		<difficult>0</difficult>
		<bndbox>
			<xmin>391</xmin>
			<ymin>924</ymin>
			<xmax>418</xmax>
			<ymax>948</ymax>
		</bndbox>
	</object>
	<object>
		<name>seed</name>
		<pose>Unspecified</pose>
		<truncated>0</truncated>
		<difficult>0</difficult>
		<bndbox>
			<xmin>1375</xmin>
			<ymin>1059</ymin>
			<xmax>1400</xmax>
			<ymax>1082</ymax>
		</bndbox>
	</object>
	<object>
		<name>seed</name>
		<pose>Unspecified</pose>
		<truncated>0</truncated>
		<difficult>0</difficult>
		<bndbox>
			<xmin>362</xmin>
			<ymin>1093</ymin>
			<xmax>387</xmax>
			<ymax>1116</ymax>
		</bndbox>
	</object>
	<object>
		<name>seed</name>
		<pose>Unspecified</pose>
		<truncated>0</truncated>
		<difficult>0</difficult>
		<bndbox>
			<xmin>1041</xmin>
			<ymin>390</ymin>
			<xmax>1067</xmax>
			<ymax>415</ymax>
		</bndbox>
	</object>
	<object>
		<name>seed</name>
		<pose>Unspecified</pose>
		<truncated>0</truncated>
		<difficult>0</difficult>
		<bndbox>
			<xmin>481</xmin>
			<ymin>914</ymin>
			<xmax>506</xmax>
			<ymax>938</ymax>
		</bndbox>
	</object>
	<object>
		<name>seed</name>
		<pose>Unspecified</pose>
		<truncated>0</truncated>
		<difficult>0</difficult>
		<bndbox>
			<xmin>560</xmin>
			<ymin>1276</ymin>
			<xmax>585</xmax>
			<ymax>1299</ymax>
		</bndbox>
	</object>
	<object>
		<name>seed</name>
		<pose>Unspecified</pose>
		<truncated>0</truncated>
		<difficult>0</difficult>
		<bndbox>
			<xmin>908</xmin>
			<ymin>561</ymin>
			<xmax>931</xmax>
			<ymax>584</ymax>
		</bndbox>
	</object>
	<object>
		<name>seed</name>
		<pose>Unspecified</pose>
		<truncated>0</truncated>
		<difficult>0</difficult>
		<bndbox>
			<xmin>576</xmin>
			<ymin>987</ymin>
			<xmax>601</xmax>
			<ymax>1009</ymax>
		</bndbox>
	</object>
	<object>
		<name>seed</name>
		<pose>Unspecified</pose>
		<truncated>0</truncated>
		<difficult>0</difficult>
		<bndbox>
			<xmin>830</xmin>
			<ymin>550</ymin>
			<xmax>856</xmax>
			<ymax>574</ymax>
		</bndbox>
	</object>
	<object>
		<name>seed</name>
		<pose>Unspecified</pose>
		<truncated>0</truncated>
		<difficult>0</difficult>
		<bndbox>
			<xmin>1399</xmin>
			<ymin>1006</ymin>
			<xmax>1425</xmax>
			<ymax>1030</ymax>
		</bndbox>
	</object>
	<object>
		<name>seed</name>
		<pose>Unspecified</pose>
		<truncated>0</truncated>
		<difficult>0</difficult>
		<bndbox>
			<xmin>514</xmin>
			<ymin>1264</ymin>
			<xmax>540</xmax>
			<ymax>1288</ymax>
		</bndbox>
	</object>
	<object>
		<name>seed</name>
		<pose>Unspecified</pose>
		<truncated>0</truncated>
		<difficult>0</difficult>
		<bndbox>
			<xmin>508</xmin>
			<ymin>935</ymin>
			<xmax>533</xmax>
			<ymax>957</ymax>
		</bndbox>
	</object>
	<object>
		<name>seed</name>
		<pose>Unspecified</pose>
		<truncated>0</truncated>
		<difficult>0</difficult>
		<bndbox>
			<xmin>1208</xmin>
			<ymin>1367</ymin>
			<xmax>1233</xmax>
			<ymax>1392</ymax>
		</bndbox>
	</object>
	<object>
		<name>seed</name>
		<pose>Unspecified</pose>
		<truncated>0</truncated>
		<difficult>0</difficult>
		<bndbox>
			<xmin>356</xmin>
			<ymin>929</ymin>
			<xmax>380</xmax>
			<ymax>953</ymax>
		</bndbox>
	</object>
	<object>
		<name>seed</name>
		<pose>Unspecified</pose>
		<truncated>0</truncated>
		<difficult>0</difficult>
		<bndbox>
			<xmin>682</xmin>
			<ymin>1359</ymin>
			<xmax>707</xmax>
			<ymax>1382</ymax>
		</bndbox>
	</object>
	<object>
		<name>seed</name>
		<pose>Unspecified</pose>
		<truncated>0</truncated>
		<difficult>0</difficult>
		<bndbox>
			<xmin>1306</xmin>
			<ymin>471</ymin>
			<xmax>1332</xmax>
			<ymax>495</ymax>
		</bndbox>
	</object>
	<object>
		<name>seed</name>
		<pose>Unspecified</pose>
		<truncated>0</truncated>
		<difficult>0</difficult>
		<bndbox>
			<xmin>1302</xmin>
			<ymin>1286</ymin>
			<xmax>1327</xmax>
			<ymax>1310</ymax>
		</bndbox>
	</object>
	<object>
		<name>seed</name>
		<pose>Unspecified</pose>
		<truncated>0</truncated>
		<difficult>0</difficult>
		<bndbox>
			<xmin>773</xmin>
			<ymin>544</ymin>
			<xmax>797</xmax>
			<ymax>567</ymax>
		</bndbox>
	</object>
	<object>
		<name>seed</name>
		<pose>Unspecified</pose>
		<truncated>0</truncated>
		<difficult>0</difficult>
		<bndbox>
			<xmin>465</xmin>
			<ymin>1322</ymin>
			<xmax>489</xmax>
			<ymax>1346</ymax>
		</bndbox>
	</object>
	<object>
		<name>seed</name>
		<pose>Unspecified</pose>
		<truncated>0</truncated>
		<difficult>0</difficult>
		<bndbox>
			<xmin>1409</xmin>
			<ymin>1088</ymin>
			<xmax>1434</xmax>
			<ymax>1111</ymax>
		</bndbox>
	</object>
	<object>
		<name>seed</name>
		<pose>Unspecified</pose>
		<truncated>0</truncated>
		<difficult>0</difficult>
		<bndbox>
			<xmin>1068</xmin>
			<ymin>407</ymin>
			<xmax>1093</xmax>
			<ymax>431</ymax>
		</bndbox>
	</object>
	<object>
		<name>seed</name>
		<pose>Unspecified</pose>
		<truncated>0</truncated>
		<difficult>0</difficult>
		<bndbox>
			<xmin>1267</xmin>
			<ymin>924</ymin>
			<xmax>1293</xmax>
			<ymax>947</ymax>
		</bndbox>
	</object>
	<object>
		<name>seed</name>
		<pose>Unspecified</pose>
		<truncated>0</truncated>
		<difficult>0</difficult>
		<bndbox>
			<xmin>615</xmin>
			<ymin>665</ymin>
			<xmax>640</xmax>
			<ymax>688</ymax>
		</bndbox>
	</object>
	<object>
		<name>seed</name>
		<pose>Unspecified</pose>
		<truncated>0</truncated>
		<difficult>0</difficult>
		<bndbox>
			<xmin>1329</xmin>
			<ymin>1007</ymin>
			<xmax>1356</xmax>
			<ymax>1032</ymax>
		</bndbox>
	</object>
	<object>
		<name>seed</name>
		<pose>Unspecified</pose>
		<truncated>0</truncated>
		<difficult>0</difficult>
		<bndbox>
			<xmin>528</xmin>
			<ymin>1111</ymin>
			<xmax>553</xmax>
			<ymax>1135</ymax>
		</bndbox>
	</object>
	<object>
		<name>seed</name>
		<pose>Unspecified</pose>
		<truncated>0</truncated>
		<difficult>0</difficult>
		<bndbox>
			<xmin>1306</xmin>
			<ymin>942</ymin>
			<xmax>1334</xmax>
			<ymax>967</ymax>
		</bndbox>
	</object>
	<object>
		<name>seed</name>
		<pose>Unspecified</pose>
		<truncated>0</truncated>
		<difficult>0</difficult>
		<bndbox>
			<xmin>847</xmin>
			<ymin>649</ymin>
			<xmax>872</xmax>
			<ymax>671</ymax>
		</bndbox>
	</object>
	<object>
		<name>seed</name>
		<pose>Unspecified</pose>
		<truncated>0</truncated>
		<difficult>0</difficult>
		<bndbox>
			<xmin>841</xmin>
			<ymin>1318</ymin>
			<xmax>865</xmax>
			<ymax>1341</ymax>
		</bndbox>
	</object>
	<object>
		<name>seed</name>
		<pose>Unspecified</pose>
		<truncated>0</truncated>
		<difficult>0</difficult>
		<bndbox>
			<xmin>925</xmin>
			<ymin>580</ymin>
			<xmax>950</xmax>
			<ymax>605</ymax>
		</bndbox>
	</object>
	<object>
		<name>seed</name>
		<pose>Unspecified</pose>
		<truncated>0</truncated>
		<difficult>0</difficult>
		<bndbox>
			<xmin>879</xmin>
			<ymin>612</ymin>
			<xmax>904</xmax>
			<ymax>636</ymax>
		</bndbox>
	</object>
	<object>
		<name>seed</name>
		<pose>Unspecified</pose>
		<truncated>0</truncated>
		<difficult>0</difficult>
		<bndbox>
			<xmin>1372</xmin>
			<ymin>1358</ymin>
			<xmax>1397</xmax>
			<ymax>1382</ymax>
		</bndbox>
	</object>
	<object>
		<name>seed</name>
		<pose>Unspecified</pose>
		<truncated>0</truncated>
		<difficult>0</difficult>
		<bndbox>
			<xmin>834</xmin>
			<ymin>1294</ymin>
			<xmax>859</xmax>
			<ymax>1316</ymax>
		</bndbox>
	</object>
	<object>
		<name>seed</name>
		<pose>Unspecified</pose>
		<truncated>0</truncated>
		<difficult>0</difficult>
		<bndbox>
			<xmin>480</xmin>
			<ymin>945</ymin>
			<xmax>504</xmax>
			<ymax>967</ymax>
		</bndbox>
	</object>
	<object>
		<name>seed</name>
		<pose>Unspecified</pose>
		<truncated>0</truncated>
		<difficult>0</difficult>
		<bndbox>
			<xmin>1258</xmin>
			<ymin>511</ymin>
			<xmax>1282</xmax>
			<ymax>534</ymax>
		</bndbox>
	</object>
	<object>
		<name>seed</name>
		<pose>Unspecified</pose>
		<truncated>0</truncated>
		<difficult>0</difficult>
		<bndbox>
			<xmin>1301</xmin>
			<ymin>432</ymin>
			<xmax>1329</xmax>
			<ymax>460</ymax>
		</bndbox>
	</object>
	<object>
		<name>seed</name>
		<pose>Unspecified</pose>
		<truncated>0</truncated>
		<difficult>0</difficult>
		<bndbox>
			<xmin>310</xmin>
			<ymin>964</ymin>
			<xmax>335</xmax>
			<ymax>988</ymax>
		</bndbox>
	</object>
	<object>
		<name>seed</name>
		<pose>Unspecified</pose>
		<truncated>0</truncated>
		<difficult>0</difficult>
		<bndbox>
			<xmin>596</xmin>
			<ymin>572</ymin>
			<xmax>621</xmax>
			<ymax>595</ymax>
		</bndbox>
	</object>
	<object>
		<name>seed</name>
		<pose>Unspecified</pose>
		<truncated>0</truncated>
		<difficult>0</difficult>
		<bndbox>
			<xmin>325</xmin>
			<ymin>1034</ymin>
			<xmax>350</xmax>
			<ymax>1057</ymax>
		</bndbox>
	</object>
	<object>
		<name>seed</name>
		<pose>Unspecified</pose>
		<truncated>0</truncated>
		<difficult>0</difficult>
		<bndbox>
			<xmin>310</xmin>
			<ymin>1203</ymin>
			<xmax>336</xmax>
			<ymax>1227</ymax>
		</bndbox>
	</object>
	<object>
		<name>seed</name>
		<pose>Unspecified</pose>
		<truncated>0</truncated>
		<difficult>0</difficult>
		<bndbox>
			<xmin>1284</xmin>
			<ymin>530</ymin>
			<xmax>1307</xmax>
			<ymax>554</ymax>
		</bndbox>
	</object>
	<object>
		<name>seed</name>
		<pose>Unspecified</pose>
		<truncated>0</truncated>
		<difficult>0</difficult>
		<bndbox>
			<xmin>1337</xmin>
			<ymin>452</ymin>
			<xmax>1363</xmax>
			<ymax>476</ymax>
		</bndbox>
	</object>
	<object>
		<name>seed</name>
		<pose>Unspecified</pose>
		<truncated>0</truncated>
		<difficult>0</difficult>
		<bndbox>
			<xmin>1148</xmin>
			<ymin>689</ymin>
			<xmax>1173</xmax>
			<ymax>715</ymax>
		</bndbox>
	</object>
	<object>
		<name>seed</name>
		<pose>Unspecified</pose>
		<truncated>0</truncated>
		<difficult>0</difficult>
		<bndbox>
			<xmin>1274</xmin>
			<ymin>1291</ymin>
			<xmax>1300</xmax>
			<ymax>1313</ymax>
		</bndbox>
	</object>
	<object>
		<name>seed</name>
		<pose>Unspecified</pose>
		<truncated>0</truncated>
		<difficult>0</difficult>
		<bndbox>
			<xmin>807</xmin>
			<ymin>570</ymin>
			<xmax>829</xmax>
			<ymax>591</ymax>
		</bndbox>
	</object>
	<object>
		<name>seed</name>
		<pose>Unspecified</pose>
		<truncated>0</truncated>
		<difficult>0</difficult>
		<bndbox>
			<xmin>851</xmin>
			<ymin>622</ymin>
			<xmax>876</xmax>
			<ymax>646</ymax>
		</bndbox>
	</object>
	<object>
		<name>seed</name>
		<pose>Unspecified</pose>
		<truncated>0</truncated>
		<difficult>0</difficult>
		<bndbox>
			<xmin>1415</xmin>
			<ymin>1347</ymin>
			<xmax>1436</xmax>
			<ymax>1368</ymax>
		</bndbox>
	</object>
	<object>
		<name>seed</name>
		<pose>Unspecified</pose>
		<truncated>0</truncated>
		<difficult>0</difficult>
		<bndbox>
			<xmin>801</xmin>
			<ymin>1323</ymin>
			<xmax>826</xmax>
			<ymax>1347</ymax>
		</bndbox>
	</object>
	<object>
		<name>seed</name>
		<pose>Unspecified</pose>
		<truncated>0</truncated>
		<difficult>0</difficult>
		<bndbox>
			<xmin>1105</xmin>
			<ymin>444</ymin>
			<xmax>1130</xmax>
			<ymax>467</ymax>
		</bndbox>
	</object>
	<object>
		<name>seed</name>
		<pose>Unspecified</pose>
		<truncated>0</truncated>
		<difficult>0</difficult>
		<bndbox>
			<xmin>728</xmin>
			<ymin>1165</ymin>
			<xmax>753</xmax>
			<ymax>1187</ymax>
		</bndbox>
	</object>
	<object>
		<name>seed</name>
		<pose>Unspecified</pose>
		<truncated>0</truncated>
		<difficult>0</difficult>
		<bndbox>
			<xmin>1027</xmin>
			<ymin>729</ymin>
			<xmax>1051</xmax>
			<ymax>752</ymax>
		</bndbox>
	</object>
	<object>
		<name>seed</name>
		<pose>Unspecified</pose>
		<truncated>0</truncated>
		<difficult>0</difficult>
		<bndbox>
			<xmin>1331</xmin>
			<ymin>324</ymin>
			<xmax>1355</xmax>
			<ymax>345</ymax>
		</bndbox>
	</object>
	<object>
		<name>seed</name>
		<pose>Unspecified</pose>
		<truncated>0</truncated>
		<difficult>0</difficult>
		<bndbox>
			<xmin>1308</xmin>
			<ymin>537</ymin>
			<xmax>1333</xmax>
			<ymax>562</ymax>
		</bndbox>
	</object>
	<object>
		<name>seed</name>
		<pose>Unspecified</pose>
		<truncated>0</truncated>
		<difficult>0</difficult>
		<bndbox>
			<xmin>1376</xmin>
			<ymin>1088</ymin>
			<xmax>1397</xmax>
			<ymax>1106</ymax>
		</bndbox>
	</object>
	<object>
		<name>seed</name>
		<pose>Unspecified</pose>
		<truncated>0</truncated>
		<difficult>0</difficult>
		<bndbox>
			<xmin>1018</xmin>
			<ymin>1204</ymin>
			<xmax>1041</xmax>
			<ymax>1226</ymax>
		</bndbox>
	</object>
	<object>
		<name>seed</name>
		<pose>Unspecified</pose>
		<truncated>0</truncated>
		<difficult>0</difficult>
		<bndbox>
			<xmin>920</xmin>
			<ymin>528</ymin>
			<xmax>945</xmax>
			<ymax>551</ymax>
		</bndbox>
	</object>
	<object>
		<name>seed</name>
		<pose>Unspecified</pose>
		<truncated>0</truncated>
		<difficult>0</difficult>
		<bndbox>
			<xmin>398</xmin>
			<ymin>1176</ymin>
			<xmax>422</xmax>
			<ymax>1199</ymax>
		</bndbox>
	</object>
	<object>
		<name>seed</name>
		<pose>Unspecified</pose>
		<truncated>0</truncated>
		<difficult>0</difficult>
		<bndbox>
			<xmin>620</xmin>
			<ymin>739</ymin>
			<xmax>645</xmax>
			<ymax>761</ymax>
		</bndbox>
	</object>
	<object>
		<name>seed</name>
		<pose>Unspecified</pose>
		<truncated>0</truncated>
		<difficult>0</difficult>
		<bndbox>
			<xmin>595</xmin>
			<ymin>716</ymin>
			<xmax>618</xmax>
			<ymax>739</ymax>
		</bndbox>
	</object>
	<object>
		<name>seed</name>
		<pose>Unspecified</pose>
		<truncated>0</truncated>
		<difficult>0</difficult>
		<bndbox>
			<xmin>438</xmin>
			<ymin>1283</ymin>
			<xmax>463</xmax>
			<ymax>1308</ymax>
		</bndbox>
	</object>
	<object>
		<name>seed</name>
		<pose>Unspecified</pose>
		<truncated>0</truncated>
		<difficult>0</difficult>
		<bndbox>
			<xmin>476</xmin>
			<ymin>1138</ymin>
			<xmax>500</xmax>
			<ymax>1162</ymax>
		</bndbox>
	</object>
	<object>
		<name>seed</name>
		<pose>Unspecified</pose>
		<truncated>0</truncated>
		<difficult>0</difficult>
		<bndbox>
			<xmin>925</xmin>
			<ymin>1401</ymin>
			<xmax>950</xmax>
			<ymax>1423</ymax>
		</bndbox>
	</object>
	<object>
		<name>seed</name>
		<pose>Unspecified</pose>
		<truncated>0</truncated>
		<difficult>0</difficult>
		<bndbox>
			<xmin>976</xmin>
			<ymin>512</ymin>
			<xmax>1002</xmax>
			<ymax>537</ymax>
		</bndbox>
	</object>
	<object>
		<name>seed</name>
		<pose>Unspecified</pose>
		<truncated>0</truncated>
		<difficult>0</difficult>
		<bndbox>
			<xmin>700</xmin>
			<ymin>1020</ymin>
			<xmax>724</xmax>
			<ymax>1042</ymax>
		</bndbox>
	</object>
	<object>
		<name>seed</name>
		<pose>Unspecified</pose>
		<truncated>0</truncated>
		<difficult>0</difficult>
		<bndbox>
			<xmin>1217</xmin>
			<ymin>485</ymin>
			<xmax>1241</xmax>
			<ymax>507</ymax>
		</bndbox>
	</object>
	<object>
		<name>seed</name>
		<pose>Unspecified</pose>
		<truncated>0</truncated>
		<difficult>0</difficult>
		<bndbox>
			<xmin>1421</xmin>
			<ymin>1171</ymin>
			<xmax>1445</xmax>
			<ymax>1193</ymax>
		</bndbox>
	</object>
	<object>
		<name>seed</name>
		<pose>Unspecified</pose>
		<truncated>0</truncated>
		<difficult>0</difficult>
		<bndbox>
			<xmin>498</xmin>
			<ymin>1047</ymin>
			<xmax>523</xmax>
			<ymax>1072</ymax>
		</bndbox>
	</object>
	<object>
		<name>seed</name>
		<pose>Unspecified</pose>
		<truncated>0</truncated>
		<difficult>0</difficult>
		<bndbox>
			<xmin>1272</xmin>
			<ymin>361</ymin>
			<xmax>1297</xmax>
			<ymax>384</ymax>
		</bndbox>
	</object>
	<object>
		<name>seed</name>
		<pose>Unspecified</pose>
		<truncated>0</truncated>
		<difficult>0</difficult>
		<bndbox>
			<xmin>339</xmin>
			<ymin>1111</ymin>
			<xmax>364</xmax>
			<ymax>1134</ymax>
		</bndbox>
	</object>
	<object>
		<name>seed</name>
		<pose>Unspecified</pose>
		<truncated>0</truncated>
		<difficult>0</difficult>
		<bndbox>
			<xmin>1344</xmin>
			<ymin>665</ymin>
			<xmax>1368</xmax>
			<ymax>688</ymax>
		</bndbox>
	</object>
	<object>
		<name>seed</name>
		<pose>Unspecified</pose>
		<truncated>0</truncated>
		<difficult>0</difficult>
		<bndbox>
			<xmin>778</xmin>
			<ymin>1179</ymin>
			<xmax>803</xmax>
			<ymax>1203</ymax>
		</bndbox>
	</object>
	<object>
		<name>seed</name>
		<pose>Unspecified</pose>
		<truncated>0</truncated>
		<difficult>0</difficult>
		<bndbox>
			<xmin>1330</xmin>
			<ymin>424</ymin>
			<xmax>1354</xmax>
			<ymax>447</ymax>
		</bndbox>
	</object>
	<object>
		<name>seed</name>
		<pose>Unspecified</pose>
		<truncated>0</truncated>
		<difficult>0</difficult>
		<bndbox>
			<xmin>901</xmin>
			<ymin>712</ymin>
			<xmax>925</xmax>
			<ymax>737</ymax>
		</bndbox>
	</object>
	<object>
		<name>seed</name>
		<pose>Unspecified</pose>
		<truncated>0</truncated>
		<difficult>0</difficult>
		<bndbox>
			<xmin>343</xmin>
			<ymin>1205</ymin>
			<xmax>367</xmax>
			<ymax>1228</ymax>
		</bndbox>
	</object>
	<object>
		<name>seed</name>
		<pose>Unspecified</pose>
		<truncated>0</truncated>
		<difficult>0</difficult>
		<bndbox>
			<xmin>1000</xmin>
			<ymin>1214</ymin>
			<xmax>1022</xmax>
			<ymax>1233</ymax>
		</bndbox>
	</object>
	<object>
		<name>seed</name>
		<pose>Unspecified</pose>
		<truncated>0</truncated>
		<difficult>0</difficult>
		<bndbox>
			<xmin>1410</xmin>
			<ymin>1375</ymin>
			<xmax>1436</xmax>
			<ymax>1398</ymax>
		</bndbox>
	</object>
	<object>
		<name>seed</name>
		<pose>Unspecified</pose>
		<truncated>0</truncated>
		<difficult>0</difficult>
		<bndbox>
			<xmin>1000</xmin>
			<ymin>1187</ymin>
			<xmax>1022</xmax>
			<ymax>1209</ymax>
		</bndbox>
	</object>
	<object>
		<name>seed</name>
		<pose>Unspecified</pose>
		<truncated>0</truncated>
		<difficult>0</difficult>
		<bndbox>
			<xmin>1370</xmin>
			<ymin>841</ymin>
			<xmax>1394</xmax>
			<ymax>864</ymax>
		</bndbox>
	</object>
	<object>
		<name>seed</name>
		<pose>Unspecified</pose>
		<truncated>0</truncated>
		<difficult>0</difficult>
		<bndbox>
			<xmin>278</xmin>
			<ymin>1216</ymin>
			<xmax>304</xmax>
			<ymax>1239</ymax>
		</bndbox>
	</object>
	<object>
		<name>seed</name>
		<pose>Unspecified</pose>
		<truncated>0</truncated>
		<difficult>0</difficult>
		<bndbox>
			<xmin>716</xmin>
			<ymin>1427</ymin>
			<xmax>742</xmax>
			<ymax>1449</ymax>
		</bndbox>
	</object>
	<object>
		<name>seed</name>
		<pose>Unspecified</pose>
		<truncated>0</truncated>
		<difficult>0</difficult>
		<bndbox>
			<xmin>629</xmin>
			<ymin>1308</ymin>
			<xmax>654</xmax>
			<ymax>1333</ymax>
		</bndbox>
	</object>
	<object>
		<name>seed</name>
		<pose>Unspecified</pose>
		<truncated>0</truncated>
		<difficult>0</difficult>
		<bndbox>
			<xmin>1184</xmin>
			<ymin>395</ymin>
			<xmax>1205</xmax>
			<ymax>423</ymax>
		</bndbox>
	</object>
	<object>
		<name>seed</name>
		<pose>Unspecified</pose>
		<truncated>0</truncated>
		<difficult>0</difficult>
		<bndbox>
			<xmin>842</xmin>
			<ymin>703</ymin>
			<xmax>866</xmax>
			<ymax>726</ymax>
		</bndbox>
	</object>
	<object>
		<name>seed</name>
		<pose>Unspecified</pose>
		<truncated>0</truncated>
		<difficult>0</difficult>
		<bndbox>
			<xmin>892</xmin>
			<ymin>687</ymin>
			<xmax>916</xmax>
			<ymax>709</ymax>
		</bndbox>
	</object>
	<object>
		<name>seed</name>
		<pose>Unspecified</pose>
		<truncated>0</truncated>
		<difficult>0</difficult>
		<bndbox>
			<xmin>877</xmin>
			<ymin>423</ymin>
			<xmax>903</xmax>
			<ymax>446</ymax>
		</bndbox>
	</object>
	<object>
		<name>seed</name>
		<pose>Unspecified</pose>
		<truncated>0</truncated>
		<difficult>0</difficult>
		<bndbox>
			<xmin>1353</xmin>
			<ymin>1175</ymin>
			<xmax>1378</xmax>
			<ymax>1197</ymax>
		</bndbox>
	</object>
	<object>
		<name>seed</name>
		<pose>Unspecified</pose>
		<truncated>0</truncated>
		<difficult>0</difficult>
		<bndbox>
			<xmin>301</xmin>
			<ymin>1126</ymin>
			<xmax>324</xmax>
			<ymax>1147</ymax>
		</bndbox>
	</object>
	<object>
		<name>seed</name>
		<pose>Unspecified</pose>
		<truncated>0</truncated>
		<difficult>0</difficult>
		<bndbox>
			<xmin>569</xmin>
			<ymin>647</ymin>
			<xmax>595</xmax>
			<ymax>671</ymax>
		</bndbox>
	</object>
	<object>
		<name>seed</name>
		<pose>Unspecified</pose>
		<truncated>0</truncated>
		<difficult>0</difficult>
		<bndbox>
			<xmin>1356</xmin>
			<ymin>1096</ymin>
			<xmax>1373</xmax>
			<ymax>1114</ymax>
		</bndbox>
	</object>
	<object>
		<name>seed</name>
		<pose>Unspecified</pose>
		<truncated>0</truncated>
		<difficult>0</difficult>
		<bndbox>
			<xmin>1380</xmin>
			<ymin>1021</ymin>
			<xmax>1402</xmax>
			<ymax>1043</ymax>
		</bndbox>
	</object>
	<object>
		<name>seed</name>
		<pose>Unspecified</pose>
		<truncated>0</truncated>
		<difficult>0</difficult>
		<bndbox>
			<xmin>1228</xmin>
			<ymin>909</ymin>
			<xmax>1252</xmax>
			<ymax>931</ymax>
		</bndbox>
	</object>
	<object>
		<name>seed</name>
		<pose>Unspecified</pose>
		<truncated>0</truncated>
		<difficult>0</difficult>
		<bndbox>
			<xmin>1239</xmin>
			<ymin>732</ymin>
			<xmax>1263</xmax>
			<ymax>755</ymax>
		</bndbox>
	</object>
	<object>
		<name>seed</name>
		<pose>Unspecified</pose>
		<truncated>0</truncated>
		<difficult>0</difficult>
		<bndbox>
			<xmin>942</xmin>
			<ymin>469</ymin>
			<xmax>966</xmax>
			<ymax>491</ymax>
		</bndbox>
	</object>
	<object>
		<name>seed</name>
		<pose>Unspecified</pose>
		<truncated>0</truncated>
		<difficult>0</difficult>
		<bndbox>
			<xmin>522</xmin>
			<ymin>1379</ymin>
			<xmax>545</xmax>
			<ymax>1402</ymax>
		</bndbox>
	</object>
	<object>
		<name>seed</name>
		<pose>Unspecified</pose>
		<truncated>0</truncated>
		<difficult>0</difficult>
		<bndbox>
			<xmin>1260</xmin>
			<ymin>488</ymin>
			<xmax>1285</xmax>
			<ymax>512</ymax>
		</bndbox>
	</object>
	<object>
		<name>seed</name>
		<pose>Unspecified</pose>
		<truncated>0</truncated>
		<difficult>0</difficult>
		<bndbox>
			<xmin>817</xmin>
			<ymin>1275</ymin>
			<xmax>842</xmax>
			<ymax>1298</ymax>
		</bndbox>
	</object>
	<object>
		<name>seed</name>
		<pose>Unspecified</pose>
		<truncated>0</truncated>
		<difficult>0</difficult>
		<bndbox>
			<xmin>1401</xmin>
			<ymin>386</ymin>
			<xmax>1426</xmax>
			<ymax>410</ymax>
		</bndbox>
	</object>
	<object>
		<name>seed</name>
		<pose>Unspecified</pose>
		<truncated>0</truncated>
		<difficult>0</difficult>
		<bndbox>
			<xmin>1301</xmin>
			<ymin>1256</ymin>
			<xmax>1321</xmax>
			<ymax>1275</ymax>
		</bndbox>
	</object>
	<object>
		<name>seed</name>
		<pose>Unspecified</pose>
		<truncated>0</truncated>
		<difficult>0</difficult>
		<bndbox>
			<xmin>566</xmin>
			<ymin>1020</ymin>
			<xmax>591</xmax>
			<ymax>1043</ymax>
		</bndbox>
	</object>
	<object>
		<name>seed</name>
		<pose>Unspecified</pose>
		<truncated>0</truncated>
		<difficult>0</difficult>
		<bndbox>
			<xmin>1413</xmin>
			<ymin>1140</ymin>
			<xmax>1437</xmax>
			<ymax>1163</ymax>
		</bndbox>
	</object>
	<object>
		<name>seed</name>
		<pose>Unspecified</pose>
		<truncated>0</truncated>
		<difficult>0</difficult>
		<bndbox>
			<xmin>1432</xmin>
			<ymin>1093</ymin>
			<xmax>1461</xmax>
			<ymax>1114</ymax>
		</bndbox>
	</object>
	<object>
		<name>seed</name>
		<pose>Unspecified</pose>
		<truncated>0</truncated>
		<difficult>0</difficult>
		<bndbox>
			<xmin>1243</xmin>
			<ymin>1347</ymin>
			<xmax>1268</xmax>
			<ymax>1370</ymax>
		</bndbox>
	</object>
	<object>
		<name>seed</name>
		<pose>Unspecified</pose>
		<truncated>0</truncated>
		<difficult>0</difficult>
		<bndbox>
			<xmin>1199</xmin>
			<ymin>1054</ymin>
			<xmax>1223</xmax>
			<ymax>1078</ymax>
		</bndbox>
	</object>
	<object>
		<name>seed</name>
		<pose>Unspecified</pose>
		<truncated>0</truncated>
		<difficult>0</difficult>
		<bndbox>
			<xmin>742</xmin>
			<ymin>1436</ymin>
			<xmax>765</xmax>
			<ymax>1452</ymax>
		</bndbox>
	</object>
	<object>
		<name>seed</name>
		<pose>Unspecified</pose>
		<truncated>0</truncated>
		<difficult>0</difficult>
		<bndbox>
			<xmin>1318</xmin>
			<ymin>1250</ymin>
			<xmax>1339</xmax>
			<ymax>1270</ymax>
		</bndbox>
	</object>
	<object>
		<name>seed</name>
		<pose>Unspecified</pose>
		<truncated>0</truncated>
		<difficult>0</difficult>
		<bndbox>
			<xmin>401</xmin>
			<ymin>1457</ymin>
			<xmax>425</xmax>
			<ymax>1481</ymax>
		</bndbox>
	</object>
	<object>
		<name>seed</name>
		<pose>Unspecified</pose>
		<truncated>0</truncated>
		<difficult>0</difficult>
		<bndbox>
			<xmin>711</xmin>
			<ymin>1504</ymin>
			<xmax>734</xmax>
			<ymax>1526</ymax>
		</bndbox>
	</object>
	<object>
		<name>seed</name>
		<pose>Unspecified</pose>
		<truncated>0</truncated>
		<difficult>0</difficult>
		<bndbox>
			<xmin>509</xmin>
			<ymin>1462</ymin>
			<xmax>534</xmax>
			<ymax>1485</ymax>
		</bndbox>
	</object>
	<object>
		<name>seed</name>
		<pose>Unspecified</pose>
		<truncated>0</truncated>
		<difficult>0</difficult>
		<bndbox>
			<xmin>1302</xmin>
			<ymin>1981</ymin>
			<xmax>1328</xmax>
			<ymax>2005</ymax>
		</bndbox>
	</object>
	<object>
		<name>seed</name>
		<pose>Unspecified</pose>
		<truncated>0</truncated>
		<difficult>0</difficult>
		<bndbox>
			<xmin>1313</xmin>
			<ymin>2199</ymin>
			<xmax>1339</xmax>
			<ymax>2223</ymax>
		</bndbox>
	</object>
	<object>
		<name>seed</name>
		<pose>Unspecified</pose>
		<truncated>0</truncated>
		<difficult>0</difficult>
		<bndbox>
			<xmin>290</xmin>
			<ymin>1518</ymin>
			<xmax>316</xmax>
			<ymax>1539</ymax>
		</bndbox>
	</object>
	<object>
		<name>seed</name>
		<pose>Unspecified</pose>
		<truncated>0</truncated>
		<difficult>0</difficult>
		<bndbox>
			<xmin>422</xmin>
			<ymin>1473</ymin>
			<xmax>447</xmax>
			<ymax>1495</ymax>
		</bndbox>
	</object>
	<object>
		<name>seed</name>
		<pose>Unspecified</pose>
		<truncated>0</truncated>
		<difficult>0</difficult>
		<bndbox>
			<xmin>1423</xmin>
			<ymin>1838</ymin>
			<xmax>1447</xmax>
			<ymax>1859</ymax>
		</bndbox>
	</object>
	<object>
		<name>seed</name>
		<pose>Unspecified</pose>
		<truncated>0</truncated>
		<difficult>0</difficult>
		<bndbox>
			<xmin>837</xmin>
			<ymin>2299</ymin>
			<xmax>863</xmax>
			<ymax>2322</ymax>
		</bndbox>
	</object>
	<object>
		<name>seed</name>
		<pose>Unspecified</pose>
		<truncated>0</truncated>
		<difficult>0</difficult>
		<bndbox>
			<xmin>945</xmin>
			<ymin>2314</ymin>
			<xmax>969</xmax>
			<ymax>2337</ymax>
		</bndbox>
	</object>
	<object>
		<name>seed</name>
		<pose>Unspecified</pose>
		<truncated>0</truncated>
		<difficult>0</difficult>
		<bndbox>
			<xmin>1238</xmin>
			<ymin>1984</ymin>
			<xmax>1265</xmax>
			<ymax>2010</ymax>
		</bndbox>
	</object>
	<object>
		<name>seed</name>
		<pose>Unspecified</pose>
		<truncated>0</truncated>
		<difficult>0</difficult>
		<bndbox>
			<xmin>950</xmin>
			<ymin>1857</ymin>
			<xmax>974</xmax>
			<ymax>1880</ymax>
		</bndbox>
	</object>
	<object>
		<name>seed</name>
		<pose>Unspecified</pose>
		<truncated>0</truncated>
		<difficult>0</difficult>
		<bndbox>
			<xmin>412</xmin>
			<ymin>1554</ymin>
			<xmax>436</xmax>
			<ymax>1576</ymax>
		</bndbox>
	</object>
	<object>
		<name>seed</name>
		<pose>Unspecified</pose>
		<truncated>0</truncated>
		<difficult>0</difficult>
		<bndbox>
			<xmin>1323</xmin>
			<ymin>1945</ymin>
			<xmax>1349</xmax>
			<ymax>1969</ymax>
		</bndbox>
	</object>
	<object>
		<name>seed</name>
		<pose>Unspecified</pose>
		<truncated>0</truncated>
		<difficult>0</difficult>
		<bndbox>
			<xmin>1354</xmin>
			<ymin>1999</ymin>
			<xmax>1380</xmax>
			<ymax>2023</ymax>
		</bndbox>
	</object>
	<object>
		<name>seed</name>
		<pose>Unspecified</pose>
		<truncated>0</truncated>
		<difficult>0</difficult>
		<bndbox>
			<xmin>1308</xmin>
			<ymin>2077</ymin>
			<xmax>1333</xmax>
			<ymax>2101</ymax>
		</bndbox>
	</object>
	<object>
		<name>seed</name>
		<pose>Unspecified</pose>
		<truncated>0</truncated>
		<difficult>0</difficult>
		<bndbox>
			<xmin>1336</xmin>
			<ymin>2395</ymin>
			<xmax>1361</xmax>
			<ymax>2418</ymax>
		</bndbox>
	</object>
	<object>
		<name>seed</name>
		<pose>Unspecified</pose>
		<truncated>0</truncated>
		<difficult>0</difficult>
		<bndbox>
			<xmin>1264</xmin>
			<ymin>1969</ymin>
			<xmax>1290</xmax>
			<ymax>1993</ymax>
		</bndbox>
	</object>
	<object>
		<name>seed</name>
		<pose>Unspecified</pose>
		<truncated>0</truncated>
		<difficult>0</difficult>
		<bndbox>
			<xmin>791</xmin>
			<ymin>1452</ymin>
			<xmax>815</xmax>
			<ymax>1473</ymax>
		</bndbox>
	</object>
	<object>
		<name>seed</name>
		<pose>Unspecified</pose>
		<truncated>0</truncated>
		<difficult>0</difficult>
		<bndbox>
			<xmin>690</xmin>
			<ymin>2004</ymin>
			<xmax>715</xmax>
			<ymax>2027</ymax>
		</bndbox>
	</object>
	<object>
		<name>seed</name>
		<pose>Unspecified</pose>
		<truncated>0</truncated>
		<difficult>0</difficult>
		<bndbox>
			<xmin>476</xmin>
			<ymin>1479</ymin>
			<xmax>501</xmax>
			<ymax>1502</ymax>
		</bndbox>
	</object>
	<object>
		<name>seed</name>
		<pose>Unspecified</pose>
		<truncated>0</truncated>
		<difficult>0</difficult>
		<bndbox>
			<xmin>318</xmin>
			<ymin>1669</ymin>
			<xmax>343</xmax>
			<ymax>1693</ymax>
		</bndbox>
	</object>
	<object>
		<name>seed</name>
		<pose>Unspecified</pose>
		<truncated>0</truncated>
		<difficult>0</difficult>
		<bndbox>
			<xmin>346</xmin>
			<ymin>1518</ymin>
			<xmax>371</xmax>
			<ymax>1542</ymax>
		</bndbox>
	</object>
	<object>
		<name>seed</name>
		<pose>Unspecified</pose>
		<truncated>0</truncated>
		<difficult>0</difficult>
		<bndbox>
			<xmin>800</xmin>
			<ymin>2263</ymin>
			<xmax>826</xmax>
			<ymax>2287</ymax>
		</bndbox>
	</object>
	<object>
		<name>seed</name>
		<pose>Unspecified</pose>
		<truncated>0</truncated>
		<difficult>0</difficult>
		<bndbox>
			<xmin>919</xmin>
			<ymin>2303</ymin>
			<xmax>943</xmax>
			<ymax>2327</ymax>
		</bndbox>
	</object>
	<object>
		<name>seed</name>
		<pose>Unspecified</pose>
		<truncated>0</truncated>
		<difficult>0</difficult>
		<bndbox>
			<xmin>838</xmin>
			<ymin>2335</ymin>
			<xmax>862</xmax>
			<ymax>2359</ymax>
		</bndbox>
	</object>
	<object>
		<name>seed</name>
		<pose>Unspecified</pose>
		<truncated>0</truncated>
		<difficult>0</difficult>
		<bndbox>
			<xmin>1386</xmin>
			<ymin>2101</ymin>
			<xmax>1412</xmax>
			<ymax>2125</ymax>
		</bndbox>
	</object>
	<object>
		<name>seed</name>
		<pose>Unspecified</pose>
		<truncated>0</truncated>
		<difficult>0</difficult>
		<bndbox>
			<xmin>1043</xmin>
			<ymin>1832</ymin>
			<xmax>1069</xmax>
			<ymax>1858</ymax>
		</bndbox>
	</object>
	<object>
		<name>seed</name>
		<pose>Unspecified</pose>
		<truncated>0</truncated>
		<difficult>0</difficult>
		<bndbox>
			<xmin>1363</xmin>
			<ymin>2287</ymin>
			<xmax>1387</xmax>
			<ymax>2312</ymax>
		</bndbox>
	</object>
	<object>
		<name>seed</name>
		<pose>Unspecified</pose>
		<truncated>0</truncated>
		<difficult>0</difficult>
		<bndbox>
			<xmin>1235</xmin>
			<ymin>1937</ymin>
			<xmax>1262</xmax>
			<ymax>1962</ymax>
		</bndbox>
	</object>
	<object>
		<name>seed</name>
		<pose>Unspecified</pose>
		<truncated>0</truncated>
		<difficult>0</difficult>
		<bndbox>
			<xmin>1311</xmin>
			<ymin>2033</ymin>
			<xmax>1333</xmax>
			<ymax>2057</ymax>
		</bndbox>
	</object>
	<object>
		<name>seed</name>
		<pose>Unspecified</pose>
		<truncated>0</truncated>
		<difficult>0</difficult>
		<bndbox>
			<xmin>172</xmin>
			<ymin>1646</ymin>
			<xmax>196</xmax>
			<ymax>1670</ymax>
		</bndbox>
	</object>
	<object>
		<name>seed</name>
		<pose>Unspecified</pose>
		<truncated>0</truncated>
		<difficult>0</difficult>
		<bndbox>
			<xmin>1055</xmin>
			<ymin>2332</ymin>
			<xmax>1080</xmax>
			<ymax>2355</ymax>
		</bndbox>
	</object>
	<object>
		<name>seed</name>
		<pose>Unspecified</pose>
		<truncated>0</truncated>
		<difficult>0</difficult>
		<bndbox>
			<xmin>732</xmin>
			<ymin>1470</ymin>
			<xmax>757</xmax>
			<ymax>1495</ymax>
		</bndbox>
	</object>
	<object>
		<name>seed</name>
		<pose>Unspecified</pose>
		<truncated>0</truncated>
		<difficult>0</difficult>
		<bndbox>
			<xmin>567</xmin>
			<ymin>1562</ymin>
			<xmax>593</xmax>
			<ymax>1586</ymax>
		</bndbox>
	</object>
	<object>
		<name>seed</name>
		<pose>Unspecified</pose>
		<truncated>0</truncated>
		<difficult>0</difficult>
		<bndbox>
			<xmin>1230</xmin>
			<ymin>2091</ymin>
			<xmax>1254</xmax>
			<ymax>2114</ymax>
		</bndbox>
	</object>
	<object>
		<name>seed</name>
		<pose>Unspecified</pose>
		<truncated>0</truncated>
		<difficult>0</difficult>
		<bndbox>
			<xmin>1336</xmin>
			<ymin>2038</ymin>
			<xmax>1360</xmax>
			<ymax>2062</ymax>
		</bndbox>
	</object>
	<object>
		<name>seed</name>
		<pose>Unspecified</pose>
		<truncated>0</truncated>
		<difficult>0</difficult>
		<bndbox>
			<xmin>1095</xmin>
			<ymin>1714</ymin>
			<xmax>1119</xmax>
			<ymax>1739</ymax>
		</bndbox>
	</object>
	<object>
		<name>seed</name>
		<pose>Unspecified</pose>
		<truncated>0</truncated>
		<difficult>0</difficult>
		<bndbox>
			<xmin>1302</xmin>
			<ymin>1920</ymin>
			<xmax>1328</xmax>
			<ymax>1944</ymax>
		</bndbox>
	</object>
	<object>
		<name>seed</name>
		<pose>Unspecified</pose>
		<truncated>0</truncated>
		<difficult>0</difficult>
		<bndbox>
			<xmin>624</xmin>
			<ymin>1936</ymin>
			<xmax>648</xmax>
			<ymax>1959</ymax>
		</bndbox>
	</object>
	<object>
		<name>seed</name>
		<pose>Unspecified</pose>
		<truncated>0</truncated>
		<difficult>0</difficult>
		<bndbox>
			<xmin>1291</xmin>
			<ymin>2346</ymin>
			<xmax>1316</xmax>
			<ymax>2371</ymax>
		</bndbox>
	</object>
	<object>
		<name>seed</name>
		<pose>Unspecified</pose>
		<truncated>0</truncated>
		<difficult>0</difficult>
		<bndbox>
			<xmin>572</xmin>
			<ymin>1451</ymin>
			<xmax>597</xmax>
			<ymax>1474</ymax>
		</bndbox>
	</object>
	<object>
		<name>seed</name>
		<pose>Unspecified</pose>
		<truncated>0</truncated>
		<difficult>0</difficult>
		<bndbox>
			<xmin>1336</xmin>
			<ymin>1982</ymin>
			<xmax>1359</xmax>
			<ymax>2006</ymax>
		</bndbox>
	</object>
	<object>
		<name>seed</name>
		<pose>Unspecified</pose>
		<truncated>0</truncated>
		<difficult>0</difficult>
		<bndbox>
			<xmin>1265</xmin>
			<ymin>2376</ymin>
			<xmax>1289</xmax>
			<ymax>2402</ymax>
		</bndbox>
	</object>
	<object>
		<name>seed</name>
		<pose>Unspecified</pose>
		<truncated>0</truncated>
		<difficult>0</difficult>
		<bndbox>
			<xmin>331</xmin>
			<ymin>1712</ymin>
			<xmax>355</xmax>
			<ymax>1735</ymax>
		</bndbox>
	</object>
	<object>
		<name>seed</name>
		<pose>Unspecified</pose>
		<truncated>0</truncated>
		<difficult>0</difficult>
		<bndbox>
			<xmin>980</xmin>
			<ymin>1492</ymin>
			<xmax>1006</xmax>
			<ymax>1515</ymax>
		</bndbox>
	</object>
	<object>
		<name>seed</name>
		<pose>Unspecified</pose>
		<truncated>0</truncated>
		<difficult>0</difficult>
		<bndbox>
			<xmin>1370</xmin>
			<ymin>2027</ymin>
			<xmax>1394</xmax>
			<ymax>2050</ymax>
		</bndbox>
	</object>
	<object>
		<name>seed</name>
		<pose>Unspecified</pose>
		<truncated>0</truncated>
		<difficult>0</difficult>
		<bndbox>
			<xmin>1259</xmin>
			<ymin>2105</ymin>
			<xmax>1285</xmax>
			<ymax>2130</ymax>
		</bndbox>
	</object>
	<object>
		<name>seed</name>
		<pose>Unspecified</pose>
		<truncated>0</truncated>
		<difficult>0</difficult>
		<bndbox>
			<xmin>1314</xmin>
			<ymin>2379</ymin>
			<xmax>1340</xmax>
			<ymax>2401</ymax>
		</bndbox>
	</object>
	<object>
		<name>seed</name>
		<pose>Unspecified</pose>
		<truncated>0</truncated>
		<difficult>0</difficult>
		<bndbox>
			<xmin>1423</xmin>
			<ymin>2363</ymin>
			<xmax>1448</xmax>
			<ymax>2387</ymax>
		</bndbox>
	</object>
	<object>
		<name>seed</name>
		<pose>Unspecified</pose>
		<truncated>0</truncated>
		<difficult>0</difficult>
		<bndbox>
			<xmin>1313</xmin>
			<ymin>2414</ymin>
			<xmax>1336</xmax>
			<ymax>2436</ymax>
		</bndbox>
	</object>
	<object>
		<name>seed</name>
		<pose>Unspecified</pose>
		<truncated>0</truncated>
		<difficult>0</difficult>
		<bndbox>
			<xmin>1064</xmin>
			<ymin>1770</ymin>
			<xmax>1089</xmax>
			<ymax>1794</ymax>
		</bndbox>
	</object>
	<object>
		<name>seed</name>
		<pose>Unspecified</pose>
		<truncated>0</truncated>
		<difficult>0</difficult>
		<bndbox>
			<xmin>967</xmin>
			<ymin>2235</ymin>
			<xmax>991</xmax>
			<ymax>2260</ymax>
		</bndbox>
	</object>
	<object>
		<name>seed</name>
		<pose>Unspecified</pose>
		<truncated>0</truncated>
		<difficult>0</difficult>
		<bndbox>
			<xmin>1263</xmin>
			<ymin>1905</ymin>
			<xmax>1288</xmax>
			<ymax>1929</ymax>
		</bndbox>
	</object>
	<object>
		<name>seed</name>
		<pose>Unspecified</pose>
		<truncated>0</truncated>
		<difficult>0</difficult>
		<bndbox>
			<xmin>494</xmin>
			<ymin>1545</ymin>
			<xmax>519</xmax>
			<ymax>1568</ymax>
		</bndbox>
	</object>
	<object>
		<name>seed</name>
		<pose>Unspecified</pose>
		<truncated>0</truncated>
		<difficult>0</difficult>
		<bndbox>
			<xmin>510</xmin>
			<ymin>1917</ymin>
			<xmax>537</xmax>
			<ymax>1940</ymax>
		</bndbox>
	</object>
	<object>
		<name>seed</name>
		<pose>Unspecified</pose>
		<truncated>0</truncated>
		<difficult>0</difficult>
		<bndbox>
			<xmin>991</xmin>
			<ymin>2438</ymin>
			<xmax>1016</xmax>
			<ymax>2459</ymax>
		</bndbox>
	</object>
	<object>
		<name>seed</name>
		<pose>Unspecified</pose>
		<truncated>0</truncated>
		<difficult>0</difficult>
		<bndbox>
			<xmin>1337</xmin>
			<ymin>2086</ymin>
			<xmax>1362</xmax>
			<ymax>2110</ymax>
		</bndbox>
	</object>
	<object>
		<name>seed</name>
		<pose>Unspecified</pose>
		<truncated>0</truncated>
		<difficult>0</difficult>
		<bndbox>
			<xmin>749</xmin>
			<ymin>1531</ymin>
			<xmax>773</xmax>
			<ymax>1555</ymax>
		</bndbox>
	</object>
	<object>
		<name>seed</name>
		<pose>Unspecified</pose>
		<truncated>0</truncated>
		<difficult>0</difficult>
		<bndbox>
			<xmin>1094</xmin>
			<ymin>1935</ymin>
			<xmax>1119</xmax>
			<ymax>1959</ymax>
		</bndbox>
	</object>
	<object>
		<name>seed</name>
		<pose>Unspecified</pose>
		<truncated>0</truncated>
		<difficult>0</difficult>
		<bndbox>
			<xmin>1165</xmin>
			<ymin>2387</ymin>
			<xmax>1191</xmax>
			<ymax>2412</ymax>
		</bndbox>
	</object>
	<object>
		<name>seed</name>
		<pose>Unspecified</pose>
		<truncated>0</truncated>
		<difficult>0</difficult>
		<bndbox>
			<xmin>1380</xmin>
			<ymin>2344</ymin>
			<xmax>1404</xmax>
			<ymax>2367</ymax>
		</bndbox>
	</object>
	<object>
		<name>seed</name>
		<pose>Unspecified</pose>
		<truncated>0</truncated>
		<difficult>0</difficult>
		<bndbox>
			<xmin>1184</xmin>
			<ymin>1620</ymin>
			<xmax>1208</xmax>
			<ymax>1645</ymax>
		</bndbox>
	</object>
	<object>
		<name>seed</name>
		<pose>Unspecified</pose>
		<truncated>0</truncated>
		<difficult>0</difficult>
		<bndbox>
			<xmin>1294</xmin>
			<ymin>2398</ymin>
			<xmax>1320</xmax>
			<ymax>2421</ymax>
		</bndbox>
	</object>
	<object>
		<name>seed</name>
		<pose>Unspecified</pose>
		<truncated>0</truncated>
		<difficult>0</difficult>
		<bndbox>
			<xmin>1031</xmin>
			<ymin>1507</ymin>
			<xmax>1052</xmax>
			<ymax>1529</ymax>
		</bndbox>
	</object>
	<object>
		<name>seed</name>
		<pose>Unspecified</pose>
		<truncated>0</truncated>
		<difficult>0</difficult>
		<bndbox>
			<xmin>1143</xmin>
			<ymin>1771</ymin>
			<xmax>1168</xmax>
			<ymax>1795</ymax>
		</bndbox>
	</object>
	<object>
		<name>seed</name>
		<pose>Unspecified</pose>
		<truncated>0</truncated>
		<difficult>0</difficult>
		<bndbox>
			<xmin>294</xmin>
			<ymin>1605</ymin>
			<xmax>318</xmax>
			<ymax>1628</ymax>
		</bndbox>
	</object>
	<object>
		<name>seed</name>
		<pose>Unspecified</pose>
		<truncated>0</truncated>
		<difficult>0</difficult>
		<bndbox>
			<xmin>270</xmin>
			<ymin>1673</ymin>
			<xmax>295</xmax>
			<ymax>1696</ymax>
		</bndbox>
	</object>
	<object>
		<name>seed</name>
		<pose>Unspecified</pose>
		<truncated>0</truncated>
		<difficult>0</difficult>
		<bndbox>
			<xmin>824</xmin>
			<ymin>1595</ymin>
			<xmax>850</xmax>
			<ymax>1619</ymax>
		</bndbox>
	</object>
	<object>
		<name>seed</name>
		<pose>Unspecified</pose>
		<truncated>0</truncated>
		<difficult>0</difficult>
		<bndbox>
			<xmin>1352</xmin>
			<ymin>2112</ymin>
			<xmax>1378</xmax>
			<ymax>2134</ymax>
		</bndbox>
	</object>
	<object>
		<name>seed</name>
		<pose>Unspecified</pose>
		<truncated>0</truncated>
		<difficult>0</difficult>
		<bndbox>
			<xmin>1367</xmin>
			<ymin>1469</ymin>
			<xmax>1394</xmax>
			<ymax>1493</ymax>
		</bndbox>
	</object>
	<object>
		<name>seed</name>
		<pose>Unspecified</pose>
		<truncated>0</truncated>
		<difficult>0</difficult>
		<bndbox>
			<xmin>1421</xmin>
			<ymin>1999</ymin>
			<xmax>1441</xmax>
			<ymax>2021</ymax>
		</bndbox>
	</object>
	<object>
		<name>seed</name>
		<pose>Unspecified</pose>
		<truncated>0</truncated>
		<difficult>0</difficult>
		<bndbox>
			<xmin>1322</xmin>
			<ymin>1451</ymin>
			<xmax>1341</xmax>
			<ymax>1473</ymax>
		</bndbox>
	</object>
	<object>
		<name>seed</name>
		<pose>Unspecified</pose>
		<truncated>0</truncated>
		<difficult>0</difficult>
		<bndbox>
			<xmin>275</xmin>
			<ymin>1721</ymin>
			<xmax>299</xmax>
			<ymax>1743</ymax>
		</bndbox>
	</object>
	<object>
		<name>seed</name>
		<pose>Unspecified</pose>
		<truncated>0</truncated>
		<difficult>0</difficult>
		<bndbox>
			<xmin>1033</xmin>
			<ymin>1860</ymin>
			<xmax>1058</xmax>
			<ymax>1884</ymax>
		</bndbox>
	</object>
	<object>
		<name>seed</name>
		<pose>Unspecified</pose>
		<truncated>0</truncated>
		<difficult>0</difficult>
		<bndbox>
			<xmin>1357</xmin>
			<ymin>2130</ymin>
			<xmax>1380</xmax>
			<ymax>2153</ymax>
		</bndbox>
	</object>
	<object>
		<name>seed</name>
		<pose>Unspecified</pose>
		<truncated>0</truncated>
		<difficult>0</difficult>
		<bndbox>
			<xmin>1433</xmin>
			<ymin>2343</ymin>
			<xmax>1458</xmax>
			<ymax>2364</ymax>
		</bndbox>
	</object>
	<object>
		<name>seed</name>
		<pose>Unspecified</pose>
		<truncated>0</truncated>
		<difficult>0</difficult>
		<bndbox>
			<xmin>1030</xmin>
			<ymin>1524</ymin>
			<xmax>1049</xmax>
			<ymax>1543</ymax>
		</bndbox>
	</object>
	<object>
		<name>seed</name>
		<pose>Unspecified</pose>
		<truncated>0</truncated>
		<difficult>0</difficult>
		<bndbox>
			<xmin>1339</xmin>
			<ymin>1528</ymin>
			<xmax>1363</xmax>
			<ymax>1552</ymax>
		</bndbox>
	</object>
	<object>
		<name>seed</name>
		<pose>Unspecified</pose>
		<truncated>0</truncated>
		<difficult>0</difficult>
		<bndbox>
			<xmin>676</xmin>
			<ymin>2105</ymin>
			<xmax>700</xmax>
			<ymax>2129</ymax>
		</bndbox>
	</object>
	<object>
		<name>seed</name>
		<pose>Unspecified</pose>
		<truncated>0</truncated>
		<difficult>0</difficult>
		<bndbox>
			<xmin>1535</xmin>
			<ymin>685</ymin>
			<xmax>1561</xmax>
			<ymax>708</ymax>
		</bndbox>
	</object>
	<object>
		<name>seed</name>
		<pose>Unspecified</pose>
		<truncated>0</truncated>
		<difficult>0</difficult>
		<bndbox>
			<xmin>2030</xmin>
			<ymin>886</ymin>
			<xmax>2061</xmax>
			<ymax>909</ymax>
		</bndbox>
	</object>
	<object>
		<name>seed</name>
		<pose>Unspecified</pose>
		<truncated>0</truncated>
		<difficult>0</difficult>
		<bndbox>
			<xmin>1589</xmin>
			<ymin>849</ymin>
			<xmax>1615</xmax>
			<ymax>875</ymax>
		</bndbox>
	</object>
	<object>
		<name>seed</name>
		<pose>Unspecified</pose>
		<truncated>0</truncated>
		<difficult>0</difficult>
		<bndbox>
			<xmin>1516</xmin>
			<ymin>601</ymin>
			<xmax>1542</xmax>
			<ymax>627</ymax>
		</bndbox>
	</object>
	<object>
		<name>seed</name>
		<pose>Unspecified</pose>
		<truncated>0</truncated>
		<difficult>0</difficult>
		<bndbox>
			<xmin>2162</xmin>
			<ymin>855</ymin>
			<xmax>2186</xmax>
			<ymax>878</ymax>
		</bndbox>
	</object>
	<object>
		<name>seed</name>
		<pose>Unspecified</pose>
		<truncated>0</truncated>
		<difficult>0</difficult>
		<bndbox>
			<xmin>1715</xmin>
			<ymin>633</ymin>
			<xmax>1739</xmax>
			<ymax>661</ymax>
		</bndbox>
	</object>
	<object>
		<name>seed</name>
		<pose>Unspecified</pose>
		<truncated>0</truncated>
		<difficult>0</difficult>
		<bndbox>
			<xmin>1517</xmin>
			<ymin>707</ymin>
			<xmax>1541</xmax>
			<ymax>730</ymax>
		</bndbox>
	</object>
	<object>
		<name>seed</name>
		<pose>Unspecified</pose>
		<truncated>0</truncated>
		<difficult>0</difficult>
		<bndbox>
			<xmin>1907</xmin>
			<ymin>673</ymin>
			<xmax>1932</xmax>
			<ymax>696</ymax>
		</bndbox>
	</object>
	<object>
		<name>seed</name>
		<pose>Unspecified</pose>
		<truncated>0</truncated>
		<difficult>0</difficult>
		<bndbox>
			<xmin>2118</xmin>
			<ymin>835</ymin>
			<xmax>2143</xmax>
			<ymax>857</ymax>
		</bndbox>
	</object>
	<object>
		<name>seed</name>
		<pose>Unspecified</pose>
		<truncated>0</truncated>
		<difficult>0</difficult>
		<bndbox>
			<xmin>1497</xmin>
			<ymin>1246</ymin>
			<xmax>1522</xmax>
			<ymax>1269</ymax>
		</bndbox>
	</object>
	<object>
		<name>seed</name>
		<pose>Unspecified</pose>
		<truncated>0</truncated>
		<difficult>0</difficult>
		<bndbox>
			<xmin>1502</xmin>
			<ymin>664</ymin>
			<xmax>1527</xmax>
			<ymax>688</ymax>
		</bndbox>
	</object>
	<object>
		<name>seed</name>
		<pose>Unspecified</pose>
		<truncated>0</truncated>
		<difficult>0</difficult>
		<bndbox>
			<xmin>1870</xmin>
			<ymin>583</ymin>
			<xmax>1894</xmax>
			<ymax>606</ymax>
		</bndbox>
	</object>
	<object>
		<name>seed</name>
		<pose>Unspecified</pose>
		<truncated>0</truncated>
		<difficult>0</difficult>
		<bndbox>
			<xmin>1863</xmin>
			<ymin>478</ymin>
			<xmax>1888</xmax>
			<ymax>501</ymax>
		</bndbox>
	</object>
	<object>
		<name>seed</name>
		<pose>Unspecified</pose>
		<truncated>0</truncated>
		<difficult>0</difficult>
		<bndbox>
			<xmin>2135</xmin>
			<ymin>950</ymin>
			<xmax>2161</xmax>
			<ymax>975</ymax>
		</bndbox>
	</object>
	<object>
		<name>seed</name>
		<pose>Unspecified</pose>
		<truncated>0</truncated>
		<difficult>0</difficult>
		<bndbox>
			<xmin>2203</xmin>
			<ymin>1050</ymin>
			<xmax>2227</xmax>
			<ymax>1072</ymax>
		</bndbox>
	</object>
	<object>
		<name>seed</name>
		<pose>Unspecified</pose>
		<truncated>0</truncated>
		<difficult>0</difficult>
		<bndbox>
			<xmin>1909</xmin>
			<ymin>727</ymin>
			<xmax>1934</xmax>
			<ymax>751</ymax>
		</bndbox>
	</object>
	<object>
		<name>seed</name>
		<pose>Unspecified</pose>
		<truncated>0</truncated>
		<difficult>0</difficult>
		<bndbox>
			<xmin>1897</xmin>
			<ymin>639</ymin>
			<xmax>1923</xmax>
			<ymax>664</ymax>
		</bndbox>
	</object>
	<object>
		<name>seed</name>
		<pose>Unspecified</pose>
		<truncated>0</truncated>
		<difficult>0</difficult>
		<bndbox>
			<xmin>2051</xmin>
			<ymin>989</ymin>
			<xmax>2080</xmax>
			<ymax>1015</ymax>
		</bndbox>
	</object>
	<object>
		<name>seed</name>
		<pose>Unspecified</pose>
		<truncated>0</truncated>
		<difficult>0</difficult>
		<bndbox>
			<xmin>2240</xmin>
			<ymin>1261</ymin>
			<xmax>2264</xmax>
			<ymax>1286</ymax>
		</bndbox>
	</object>
	<object>
		<name>seed</name>
		<pose>Unspecified</pose>
		<truncated>0</truncated>
		<difficult>0</difficult>
		<bndbox>
			<xmin>2353</xmin>
			<ymin>1191</ymin>
			<xmax>2379</xmax>
			<ymax>1217</ymax>
		</bndbox>
	</object>
	<object>
		<name>seed</name>
		<pose>Unspecified</pose>
		<truncated>0</truncated>
		<difficult>0</difficult>
		<bndbox>
			<xmin>1598</xmin>
			<ymin>608</ymin>
			<xmax>1623</xmax>
			<ymax>632</ymax>
		</bndbox>
	</object>
	<object>
		<name>seed</name>
		<pose>Unspecified</pose>
		<truncated>0</truncated>
		<difficult>0</difficult>
		<bndbox>
			<xmin>2132</xmin>
			<ymin>906</ymin>
			<xmax>2156</xmax>
			<ymax>930</ymax>
		</bndbox>
	</object>
	<object>
		<name>seed</name>
		<pose>Unspecified</pose>
		<truncated>0</truncated>
		<difficult>0</difficult>
		<bndbox>
			<xmin>1482</xmin>
			<ymin>486</ymin>
			<xmax>1507</xmax>
			<ymax>510</ymax>
		</bndbox>
	</object>
	<object>
		<name>seed</name>
		<pose>Unspecified</pose>
		<truncated>0</truncated>
		<difficult>0</difficult>
		<bndbox>
			<xmin>2126</xmin>
			<ymin>765</ymin>
			<xmax>2151</xmax>
			<ymax>789</ymax>
		</bndbox>
	</object>
	<object>
		<name>seed</name>
		<pose>Unspecified</pose>
		<truncated>0</truncated>
		<difficult>0</difficult>
		<bndbox>
			<xmin>1556</xmin>
			<ymin>736</ymin>
			<xmax>1580</xmax>
			<ymax>761</ymax>
		</bndbox>
	</object>
	<object>
		<name>seed</name>
		<pose>Unspecified</pose>
		<truncated>0</truncated>
		<difficult>0</difficult>
		<bndbox>
			<xmin>2015</xmin>
			<ymin>910</ymin>
			<xmax>2042</xmax>
			<ymax>935</ymax>
		</bndbox>
	</object>
	<object>
		<name>seed</name>
		<pose>Unspecified</pose>
		<truncated>0</truncated>
		<difficult>0</difficult>
		<bndbox>
			<xmin>1539</xmin>
			<ymin>817</ymin>
			<xmax>1563</xmax>
			<ymax>839</ymax>
		</bndbox>
	</object>
	<object>
		<name>seed</name>
		<pose>Unspecified</pose>
		<truncated>0</truncated>
		<difficult>0</difficult>
		<bndbox>
			<xmin>2299</xmin>
			<ymin>1257</ymin>
			<xmax>2324</xmax>
			<ymax>1281</ymax>
		</bndbox>
	</object>
	<object>
		<name>seed</name>
		<pose>Unspecified</pose>
		<truncated>0</truncated>
		<difficult>0</difficult>
		<bndbox>
			<xmin>1938</xmin>
			<ymin>886</ymin>
			<xmax>1963</xmax>
			<ymax>909</ymax>
		</bndbox>
	</object>
	<object>
		<name>seed</name>
		<pose>Unspecified</pose>
		<truncated>0</truncated>
		<difficult>0</difficult>
		<bndbox>
			<xmin>1531</xmin>
			<ymin>535</ymin>
			<xmax>1556</xmax>
			<ymax>559</ymax>
		</bndbox>
	</object>
	<object>
		<name>seed</name>
		<pose>Unspecified</pose>
		<truncated>0</truncated>
		<difficult>0</difficult>
		<bndbox>
			<xmin>2033</xmin>
			<ymin>1199</ymin>
			<xmax>2060</xmax>
			<ymax>1223</ymax>
		</bndbox>
	</object>
	<object>
		<name>seed</name>
		<pose>Unspecified</pose>
		<truncated>0</truncated>
		<difficult>0</difficult>
		<bndbox>
			<xmin>1613</xmin>
			<ymin>912</ymin>
			<xmax>1637</xmax>
			<ymax>935</ymax>
		</bndbox>
	</object>
	<object>
		<name>seed</name>
		<pose>Unspecified</pose>
		<truncated>0</truncated>
		<difficult>0</difficult>
		<bndbox>
			<xmin>2027</xmin>
			<ymin>996</ymin>
			<xmax>2051</xmax>
			<ymax>1021</ymax>
		</bndbox>
	</object>
	<object>
		<name>seed</name>
		<pose>Unspecified</pose>
		<truncated>0</truncated>
		<difficult>0</difficult>
		<bndbox>
			<xmin>1761</xmin>
			<ymin>475</ymin>
			<xmax>1786</xmax>
			<ymax>498</ymax>
		</bndbox>
	</object>
	<object>
		<name>seed</name>
		<pose>Unspecified</pose>
		<truncated>0</truncated>
		<difficult>0</difficult>
		<bndbox>
			<xmin>1983</xmin>
			<ymin>1114</ymin>
			<xmax>2009</xmax>
			<ymax>1138</ymax>
		</bndbox>
	</object>
	<object>
		<name>seed</name>
		<pose>Unspecified</pose>
		<truncated>0</truncated>
		<difficult>0</difficult>
		<bndbox>
			<xmin>2305</xmin>
			<ymin>1066</ymin>
			<xmax>2330</xmax>
			<ymax>1091</ymax>
		</bndbox>
	</object>
	<object>
		<name>seed</name>
		<pose>Unspecified</pose>
		<truncated>0</truncated>
		<difficult>0</difficult>
		<bndbox>
			<xmin>2065</xmin>
			<ymin>1056</ymin>
			<xmax>2091</xmax>
			<ymax>1078</ymax>
		</bndbox>
	</object>
	<object>
		<name>seed</name>
		<pose>Unspecified</pose>
		<truncated>0</truncated>
		<difficult>0</difficult>
		<bndbox>
			<xmin>1563</xmin>
			<ymin>983</ymin>
			<xmax>1591</xmax>
			<ymax>1003</ymax>
		</bndbox>
	</object>
	<object>
		<name>seed</name>
		<pose>Unspecified</pose>
		<truncated>0</truncated>
		<difficult>0</difficult>
		<bndbox>
			<xmin>1953</xmin>
			<ymin>643</ymin>
			<xmax>1978</xmax>
			<ymax>667</ymax>
		</bndbox>
	</object>
	<object>
		<name>seed</name>
		<pose>Unspecified</pose>
		<truncated>0</truncated>
		<difficult>0</difficult>
		<bndbox>
			<xmin>1754</xmin>
			<ymin>439</ymin>
			<xmax>1780</xmax>
			<ymax>464</ymax>
		</bndbox>
	</object>
	<object>
		<name>seed</name>
		<pose>Unspecified</pose>
		<truncated>0</truncated>
		<difficult>0</difficult>
		<bndbox>
			<xmin>1594</xmin>
			<ymin>784</ymin>
			<xmax>1619</xmax>
			<ymax>807</ymax>
		</bndbox>
	</object>
	<object>
		<name>seed</name>
		<pose>Unspecified</pose>
		<truncated>0</truncated>
		<difficult>0</difficult>
		<bndbox>
			<xmin>1621</xmin>
			<ymin>496</ymin>
			<xmax>1647</xmax>
			<ymax>521</ymax>
		</bndbox>
	</object>
	<object>
		<name>seed</name>
		<pose>Unspecified</pose>
		<truncated>0</truncated>
		<difficult>0</difficult>
		<bndbox>
			<xmin>1525</xmin>
			<ymin>767</ymin>
			<xmax>1553</xmax>
			<ymax>791</ymax>
		</bndbox>
	</object>
	<object>
		<name>seed</name>
		<pose>Unspecified</pose>
		<truncated>0</truncated>
		<difficult>0</difficult>
		<bndbox>
			<xmin>2127</xmin>
			<ymin>1020</ymin>
			<xmax>2150</xmax>
			<ymax>1042</ymax>
		</bndbox>
	</object>
	<object>
		<name>seed</name>
		<pose>Unspecified</pose>
		<truncated>0</truncated>
		<difficult>0</difficult>
		<bndbox>
			<xmin>2108</xmin>
			<ymin>986</ymin>
			<xmax>2133</xmax>
			<ymax>1010</ymax>
		</bndbox>
	</object>
	<object>
		<name>seed</name>
		<pose>Unspecified</pose>
		<truncated>0</truncated>
		<difficult>0</difficult>
		<bndbox>
			<xmin>2382</xmin>
			<ymin>1157</ymin>
			<xmax>2408</xmax>
			<ymax>1181</ymax>
		</bndbox>
	</object>
	<object>
		<name>seed</name>
		<pose>Unspecified</pose>
		<truncated>0</truncated>
		<difficult>0</difficult>
		<bndbox>
			<xmin>1963</xmin>
			<ymin>577</ymin>
			<xmax>1987</xmax>
			<ymax>600</ymax>
		</bndbox>
	</object>
	<object>
		<name>seed</name>
		<pose>Unspecified</pose>
		<truncated>0</truncated>
		<difficult>0</difficult>
		<bndbox>
			<xmin>2135</xmin>
			<ymin>1064</ymin>
			<xmax>2160</xmax>
			<ymax>1088</ymax>
		</bndbox>
	</object>
	<object>
		<name>seed</name>
		<pose>Unspecified</pose>
		<truncated>0</truncated>
		<difficult>0</difficult>
		<bndbox>
			<xmin>2124</xmin>
			<ymin>807</ymin>
			<xmax>2150</xmax>
			<ymax>831</ymax>
		</bndbox>
	</object>
	<object>
		<name>seed</name>
		<pose>Unspecified</pose>
		<truncated>0</truncated>
		<difficult>0</difficult>
		<bndbox>
			<xmin>1998</xmin>
			<ymin>995</ymin>
			<xmax>2022</xmax>
			<ymax>1019</ymax>
		</bndbox>
	</object>
	<object>
		<name>seed</name>
		<pose>Unspecified</pose>
		<truncated>0</truncated>
		<difficult>0</difficult>
		<bndbox>
			<xmin>1522</xmin>
			<ymin>649</ymin>
			<xmax>1547</xmax>
			<ymax>672</ymax>
		</bndbox>
	</object>
	<object>
		<name>seed</name>
		<pose>Unspecified</pose>
		<truncated>0</truncated>
		<difficult>0</difficult>
		<bndbox>
			<xmin>2343</xmin>
			<ymin>1383</ymin>
			<xmax>2368</xmax>
			<ymax>1406</ymax>
		</bndbox>
	</object>
	<object>
		<name>seed</name>
		<pose>Unspecified</pose>
		<truncated>0</truncated>
		<difficult>0</difficult>
		<bndbox>
			<xmin>2288</xmin>
			<ymin>1091</ymin>
			<xmax>2313</xmax>
			<ymax>1115</ymax>
		</bndbox>
	</object>
	<object>
		<name>seed</name>
		<pose>Unspecified</pose>
		<truncated>0</truncated>
		<difficult>0</difficult>
		<bndbox>
			<xmin>1506</xmin>
			<ymin>551</ymin>
			<xmax>1530</xmax>
			<ymax>576</ymax>
		</bndbox>
	</object>
	<object>
		<name>seed</name>
		<pose>Unspecified</pose>
		<truncated>0</truncated>
		<difficult>0</difficult>
		<bndbox>
			<xmin>2188</xmin>
			<ymin>788</ymin>
			<xmax>2214</xmax>
			<ymax>811</ymax>
		</bndbox>
	</object>
	<object>
		<name>seed</name>
		<pose>Unspecified</pose>
		<truncated>0</truncated>
		<difficult>0</difficult>
		<bndbox>
			<xmin>1504</xmin>
			<ymin>1125</ymin>
			<xmax>1528</xmax>
			<ymax>1148</ymax>
		</bndbox>
	</object>
	<object>
		<name>seed</name>
		<pose>Unspecified</pose>
		<truncated>0</truncated>
		<difficult>0</difficult>
		<bndbox>
			<xmin>2266</xmin>
			<ymin>1007</ymin>
			<xmax>2292</xmax>
			<ymax>1030</ymax>
		</bndbox>
	</object>
	<object>
		<name>seed</name>
		<pose>Unspecified</pose>
		<truncated>0</truncated>
		<difficult>0</difficult>
		<bndbox>
			<xmin>2303</xmin>
			<ymin>961</ymin>
			<xmax>2329</xmax>
			<ymax>986</ymax>
		</bndbox>
	</object>
	<object>
		<name>seed</name>
		<pose>Unspecified</pose>
		<truncated>0</truncated>
		<difficult>0</difficult>
		<bndbox>
			<xmin>2183</xmin>
			<ymin>1284</ymin>
			<xmax>2208</xmax>
			<ymax>1309</ymax>
		</bndbox>
	</object>
	<object>
		<name>seed</name>
		<pose>Unspecified</pose>
		<truncated>0</truncated>
		<difficult>0</difficult>
		<bndbox>
			<xmin>1999</xmin>
			<ymin>1071</ymin>
			<xmax>2025</xmax>
			<ymax>1097</ymax>
		</bndbox>
	</object>
	<object>
		<name>seed</name>
		<pose>Unspecified</pose>
		<truncated>0</truncated>
		<difficult>0</difficult>
		<bndbox>
			<xmin>2036</xmin>
			<ymin>1224</ymin>
			<xmax>2064</xmax>
			<ymax>1246</ymax>
		</bndbox>
	</object>
	<object>
		<name>seed</name>
		<pose>Unspecified</pose>
		<truncated>0</truncated>
		<difficult>0</difficult>
		<bndbox>
			<xmin>2053</xmin>
			<ymin>785</ymin>
			<xmax>2079</xmax>
			<ymax>810</ymax>
		</bndbox>
	</object>
	<object>
		<name>seed</name>
		<pose>Unspecified</pose>
		<truncated>0</truncated>
		<difficult>0</difficult>
		<bndbox>
			<xmin>1739</xmin>
			<ymin>519</ymin>
			<xmax>1763</xmax>
			<ymax>543</ymax>
		</bndbox>
	</object>
	<object>
		<name>seed</name>
		<pose>Unspecified</pose>
		<truncated>0</truncated>
		<difficult>0</difficult>
		<bndbox>
			<xmin>1604</xmin>
			<ymin>681</ymin>
			<xmax>1628</xmax>
			<ymax>705</ymax>
		</bndbox>
	</object>
	<object>
		<name>seed</name>
		<pose>Unspecified</pose>
		<truncated>0</truncated>
		<difficult>0</difficult>
		<bndbox>
			<xmin>1854</xmin>
			<ymin>425</ymin>
			<xmax>1886</xmax>
			<ymax>449</ymax>
		</bndbox>
	</object>
	<object>
		<name>seed</name>
		<pose>Unspecified</pose>
		<truncated>0</truncated>
		<difficult>0</difficult>
		<bndbox>
			<xmin>1489</xmin>
			<ymin>310</ymin>
			<xmax>1515</xmax>
			<ymax>335</ymax>
		</bndbox>
	</object>
	<object>
		<name>seed</name>
		<pose>Unspecified</pose>
		<truncated>0</truncated>
		<difficult>0</difficult>
		<bndbox>
			<xmin>2106</xmin>
			<ymin>813</ymin>
			<xmax>2128</xmax>
			<ymax>836</ymax>
		</bndbox>
	</object>
	<object>
		<name>seed</name>
		<pose>Unspecified</pose>
		<truncated>0</truncated>
		<difficult>0</difficult>
		<bndbox>
			<xmin>2070</xmin>
			<ymin>719</ymin>
			<xmax>2094</xmax>
			<ymax>741</ymax>
		</bndbox>
	</object>
	<object>
		<name>seed</name>
		<pose>Unspecified</pose>
		<truncated>0</truncated>
		<difficult>0</difficult>
		<bndbox>
			<xmin>2049</xmin>
			<ymin>1019</ymin>
			<xmax>2074</xmax>
			<ymax>1042</ymax>
		</bndbox>
	</object>
	<object>
		<name>seed</name>
		<pose>Unspecified</pose>
		<truncated>0</truncated>
		<difficult>0</difficult>
		<bndbox>
			<xmin>1661</xmin>
			<ymin>501</ymin>
			<xmax>1685</xmax>
			<ymax>525</ymax>
		</bndbox>
	</object>
	<object>
		<name>seed</name>
		<pose>Unspecified</pose>
		<truncated>0</truncated>
		<difficult>0</difficult>
		<bndbox>
			<xmin>1537</xmin>
			<ymin>1090</ymin>
			<xmax>1562</xmax>
			<ymax>1114</ymax>
		</bndbox>
	</object>
	<object>
		<name>seed</name>
		<pose>Unspecified</pose>
		<truncated>0</truncated>
		<difficult>0</difficult>
		<bndbox>
			<xmin>1963</xmin>
			<ymin>550</ymin>
			<xmax>1988</xmax>
			<ymax>574</ymax>
		</bndbox>
	</object>
	<object>
		<name>seed</name>
		<pose>Unspecified</pose>
		<truncated>0</truncated>
		<difficult>0</difficult>
		<bndbox>
			<xmin>1870</xmin>
			<ymin>504</ymin>
			<xmax>1895</xmax>
			<ymax>528</ymax>
		</bndbox>
	</object>
	<object>
		<name>seed</name>
		<pose>Unspecified</pose>
		<truncated>0</truncated>
		<difficult>0</difficult>
		<bndbox>
			<xmin>1733</xmin>
			<ymin>357</ymin>
			<xmax>1758</xmax>
			<ymax>380</ymax>
		</bndbox>
	</object>
	<object>
		<name>seed</name>
		<pose>Unspecified</pose>
		<truncated>0</truncated>
		<difficult>0</difficult>
		<bndbox>
			<xmin>2159</xmin>
			<ymin>1073</ymin>
			<xmax>2183</xmax>
			<ymax>1095</ymax>
		</bndbox>
	</object>
	<object>
		<name>seed</name>
		<pose>Unspecified</pose>
		<truncated>0</truncated>
		<difficult>0</difficult>
		<bndbox>
			<xmin>2104</xmin>
			<ymin>1170</ymin>
			<xmax>2129</xmax>
			<ymax>1193</ymax>
		</bndbox>
	</object>
	<object>
		<name>seed</name>
		<pose>Unspecified</pose>
		<truncated>0</truncated>
		<difficult>0</difficult>
		<bndbox>
			<xmin>1738</xmin>
			<ymin>610</ymin>
			<xmax>1763</xmax>
			<ymax>635</ymax>
		</bndbox>
	</object>
	<object>
		<name>seed</name>
		<pose>Unspecified</pose>
		<truncated>0</truncated>
		<difficult>0</difficult>
		<bndbox>
			<xmin>1745</xmin>
			<ymin>388</ymin>
			<xmax>1768</xmax>
			<ymax>412</ymax>
		</bndbox>
	</object>
	<object>
		<name>seed</name>
		<pose>Unspecified</pose>
		<truncated>0</truncated>
		<difficult>0</difficult>
		<bndbox>
			<xmin>1565</xmin>
			<ymin>708</ymin>
			<xmax>1587</xmax>
			<ymax>732</ymax>
		</bndbox>
	</object>
	<object>
		<name>seed</name>
		<pose>Unspecified</pose>
		<truncated>0</truncated>
		<difficult>0</difficult>
		<bndbox>
			<xmin>1748</xmin>
			<ymin>410</ymin>
			<xmax>1772</xmax>
			<ymax>434</ymax>
		</bndbox>
	</object>
	<object>
		<name>seed</name>
		<pose>Unspecified</pose>
		<truncated>0</truncated>
		<difficult>0</difficult>
		<bndbox>
			<xmin>2363</xmin>
			<ymin>1139</ymin>
			<xmax>2387</xmax>
			<ymax>1162</ymax>
		</bndbox>
	</object>
	<object>
		<name>seed</name>
		<pose>Unspecified</pose>
		<truncated>0</truncated>
		<difficult>0</difficult>
		<bndbox>
			<xmin>2323</xmin>
			<ymin>1226</ymin>
			<xmax>2347</xmax>
			<ymax>1249</ymax>
		</bndbox>
	</object>
	<object>
		<name>seed</name>
		<pose>Unspecified</pose>
		<truncated>0</truncated>
		<difficult>0</difficult>
		<bndbox>
			<xmin>1614</xmin>
			<ymin>331</ymin>
			<xmax>1638</xmax>
			<ymax>355</ymax>
		</bndbox>
	</object>
	<object>
		<name>seed</name>
		<pose>Unspecified</pose>
		<truncated>0</truncated>
		<difficult>0</difficult>
		<bndbox>
			<xmin>1967</xmin>
			<ymin>496</ymin>
			<xmax>1990</xmax>
			<ymax>519</ymax>
		</bndbox>
	</object>
	<object>
		<name>seed</name>
		<pose>Unspecified</pose>
		<truncated>0</truncated>
		<difficult>0</difficult>
		<bndbox>
			<xmin>1543</xmin>
			<ymin>712</ymin>
			<xmax>1565</xmax>
			<ymax>733</ymax>
		</bndbox>
	</object>
	<object>
		<name>seed</name>
		<pose>Unspecified</pose>
		<truncated>0</truncated>
		<difficult>0</difficult>
		<bndbox>
			<xmin>1838</xmin>
			<ymin>882</ymin>
			<xmax>1861</xmax>
			<ymax>904</ymax>
		</bndbox>
	</object>
	<object>
		<name>seed</name>
		<pose>Unspecified</pose>
		<truncated>0</truncated>
		<difficult>0</difficult>
		<bndbox>
			<xmin>1486</xmin>
			<ymin>982</ymin>
			<xmax>1512</xmax>
			<ymax>1005</ymax>
		</bndbox>
	</object>
	<object>
		<name>seed</name>
		<pose>Unspecified</pose>
		<truncated>0</truncated>
		<difficult>0</difficult>
		<bndbox>
			<xmin>1515</xmin>
			<ymin>935</ymin>
			<xmax>1542</xmax>
			<ymax>959</ymax>
		</bndbox>
	</object>
	<object>
		<name>seed</name>
		<pose>Unspecified</pose>
		<truncated>0</truncated>
		<difficult>0</difficult>
		<bndbox>
			<xmin>1808</xmin>
			<ymin>508</ymin>
			<xmax>1831</xmax>
			<ymax>530</ymax>
		</bndbox>
	</object>
	<object>
		<name>seed</name>
		<pose>Unspecified</pose>
		<truncated>0</truncated>
		<difficult>0</difficult>
		<bndbox>
			<xmin>1826</xmin>
			<ymin>501</ymin>
			<xmax>1845</xmax>
			<ymax>520</ymax>
		</bndbox>
	</object>
	<object>
		<name>seed</name>
		<pose>Unspecified</pose>
		<truncated>0</truncated>
		<difficult>0</difficult>
		<bndbox>
			<xmin>1500</xmin>
			<ymin>1066</ymin>
			<xmax>1525</xmax>
			<ymax>1089</ymax>
		</bndbox>
	</object>
	<object>
		<name>seed</name>
		<pose>Unspecified</pose>
		<truncated>0</truncated>
		<difficult>0</difficult>
		<bndbox>
			<xmin>1458</xmin>
			<ymin>268</ymin>
			<xmax>1482</xmax>
			<ymax>289</ymax>
		</bndbox>
	</object>
	<object>
		<name>seed</name>
		<pose>Unspecified</pose>
		<truncated>0</truncated>
		<difficult>0</difficult>
		<bndbox>
			<xmin>2293</xmin>
			<ymin>1679</ymin>
			<xmax>2319</xmax>
			<ymax>1702</ymax>
		</bndbox>
	</object>
	<object>
		<name>seed</name>
		<pose>Unspecified</pose>
		<truncated>0</truncated>
		<difficult>0</difficult>
		<bndbox>
			<xmin>2174</xmin>
			<ymin>1694</ymin>
			<xmax>2199</xmax>
			<ymax>1718</ymax>
		</bndbox>
	</object>
	<object>
		<name>seed</name>
		<pose>Unspecified</pose>
		<truncated>0</truncated>
		<difficult>0</difficult>
		<bndbox>
			<xmin>2260</xmin>
			<ymin>1657</ymin>
			<xmax>2287</xmax>
			<ymax>1683</ymax>
		</bndbox>
	</object>
	<object>
		<name>seed</name>
		<pose>Unspecified</pose>
		<truncated>0</truncated>
		<difficult>0</difficult>
		<bndbox>
			<xmin>2174</xmin>
			<ymin>1779</ymin>
			<xmax>2200</xmax>
			<ymax>1805</ymax>
		</bndbox>
	</object>
	<object>
		<name>seed</name>
		<pose>Unspecified</pose>
		<truncated>0</truncated>
		<difficult>0</difficult>
		<bndbox>
			<xmin>2057</xmin>
			<ymin>1658</ymin>
			<xmax>2083</xmax>
			<ymax>1683</ymax>
		</bndbox>
	</object>
	<object>
		<name>seed</name>
		<pose>Unspecified</pose>
		<truncated>0</truncated>
		<difficult>0</difficult>
		<bndbox>
			<xmin>1482</xmin>
			<ymin>2249</ymin>
			<xmax>1506</xmax>
			<ymax>2272</ymax>
		</bndbox>
	</object>
	<object>
		<name>seed</name>
		<pose>Unspecified</pose>
		<truncated>0</truncated>
		<difficult>0</difficult>
		<bndbox>
			<xmin>2030</xmin>
			<ymin>1739</ymin>
			<xmax>2057</xmax>
			<ymax>1763</ymax>
		</bndbox>
	</object>
	<object>
		<name>seed</name>
		<pose>Unspecified</pose>
		<truncated>0</truncated>
		<difficult>0</difficult>
		<bndbox>
			<xmin>2172</xmin>
			<ymin>1608</ymin>
			<xmax>2198</xmax>
			<ymax>1631</ymax>
		</bndbox>
	</object>
	<object>
		<name>seed</name>
		<pose>Unspecified</pose>
		<truncated>0</truncated>
		<difficult>0</difficult>
		<bndbox>
			<xmin>2272</xmin>
			<ymin>1884</ymin>
			<xmax>2296</xmax>
			<ymax>1908</ymax>
		</bndbox>
	</object>
	<object>
		<name>seed</name>
		<pose>Unspecified</pose>
		<truncated>0</truncated>
		<difficult>0</difficult>
		<bndbox>
			<xmin>1914</xmin>
			<ymin>1931</ymin>
			<xmax>1940</xmax>
			<ymax>1955</ymax>
		</bndbox>
	</object>
	<object>
		<name>seed</name>
		<pose>Unspecified</pose>
		<truncated>0</truncated>
		<difficult>0</difficult>
		<bndbox>
			<xmin>2131</xmin>
			<ymin>1806</ymin>
			<xmax>2156</xmax>
			<ymax>1829</ymax>
		</bndbox>
	</object>
	<object>
		<name>seed</name>
		<pose>Unspecified</pose>
		<truncated>0</truncated>
		<difficult>0</difficult>
		<bndbox>
			<xmin>2210</xmin>
			<ymin>1708</ymin>
			<xmax>2237</xmax>
			<ymax>1732</ymax>
		</bndbox>
	</object>
	<object>
		<name>seed</name>
		<pose>Unspecified</pose>
		<truncated>0</truncated>
		<difficult>0</difficult>
		<bndbox>
			<xmin>2234</xmin>
			<ymin>1791</ymin>
			<xmax>2259</xmax>
			<ymax>1815</ymax>
		</bndbox>
	</object>
	<object>
		<name>seed</name>
		<pose>Unspecified</pose>
		<truncated>0</truncated>
		<difficult>0</difficult>
		<bndbox>
			<xmin>1558</xmin>
			<ymin>2453</ymin>
			<xmax>1582</xmax>
			<ymax>2476</ymax>
		</bndbox>
	</object>
	<object>
		<name>seed</name>
		<pose>Unspecified</pose>
		<truncated>0</truncated>
		<difficult>0</difficult>
		<bndbox>
			<xmin>2302</xmin>
			<ymin>1907</ymin>
			<xmax>2327</xmax>
			<ymax>1932</ymax>
		</bndbox>
	</object>
	<object>
		<name>seed</name>
		<pose>Unspecified</pose>
		<truncated>0</truncated>
		<difficult>0</difficult>
		<bndbox>
			<xmin>2250</xmin>
			<ymin>1829</ymin>
			<xmax>2276</xmax>
			<ymax>1853</ymax>
		</bndbox>
	</object>
	<object>
		<name>seed</name>
		<pose>Unspecified</pose>
		<truncated>0</truncated>
		<difficult>0</difficult>
		<bndbox>
			<xmin>2251</xmin>
			<ymin>1625</ymin>
			<xmax>2276</xmax>
			<ymax>1648</ymax>
		</bndbox>
	</object>
	<object>
		<name>seed</name>
		<pose>Unspecified</pose>
		<truncated>0</truncated>
		<difficult>0</difficult>
		<bndbox>
			<xmin>2108</xmin>
			<ymin>1571</ymin>
			<xmax>2133</xmax>
			<ymax>1594</ymax>
		</bndbox>
	</object>
	<object>
		<name>seed</name>
		<pose>Unspecified</pose>
		<truncated>0</truncated>
		<difficult>0</difficult>
		<bndbox>
			<xmin>1577</xmin>
			<ymin>2384</ymin>
			<xmax>1602</xmax>
			<ymax>2407</ymax>
		</bndbox>
	</object>
	<object>
		<name>seed</name>
		<pose>Unspecified</pose>
		<truncated>0</truncated>
		<difficult>0</difficult>
		<bndbox>
			<xmin>2004</xmin>
			<ymin>1980</ymin>
			<xmax>2029</xmax>
			<ymax>2004</ymax>
		</bndbox>
	</object>
	<object>
		<name>seed</name>
		<pose>Unspecified</pose>
		<truncated>0</truncated>
		<difficult>0</difficult>
		<bndbox>
			<xmin>1850</xmin>
			<ymin>2211</ymin>
			<xmax>1876</xmax>
			<ymax>2235</ymax>
		</bndbox>
	</object>
	<object>
		<name>seed</name>
		<pose>Unspecified</pose>
		<truncated>0</truncated>
		<difficult>0</difficult>
		<bndbox>
			<xmin>1515</xmin>
			<ymin>2380</ymin>
			<xmax>1540</xmax>
			<ymax>2403</ymax>
		</bndbox>
	</object>
	<object>
		<name>seed</name>
		<pose>Unspecified</pose>
		<truncated>0</truncated>
		<difficult>0</difficult>
		<bndbox>
			<xmin>1642</xmin>
			<ymin>2319</ymin>
			<xmax>1668</xmax>
			<ymax>2343</ymax>
		</bndbox>
	</object>
	<object>
		<name>seed</name>
		<pose>Unspecified</pose>
		<truncated>0</truncated>
		<difficult>0</difficult>
		<bndbox>
			<xmin>1999</xmin>
			<ymin>1535</ymin>
			<xmax>2025</xmax>
			<ymax>1559</ymax>
		</bndbox>
	</object>
	<object>
		<name>seed</name>
		<pose>Unspecified</pose>
		<truncated>0</truncated>
		<difficult>0</difficult>
		<bndbox>
			<xmin>2270</xmin>
			<ymin>1852</ymin>
			<xmax>2295</xmax>
			<ymax>1875</ymax>
		</bndbox>
	</object>
	<object>
		<name>seed</name>
		<pose>Unspecified</pose>
		<truncated>0</truncated>
		<difficult>0</difficult>
		<bndbox>
			<xmin>1813</xmin>
			<ymin>2281</ymin>
			<xmax>1839</xmax>
			<ymax>2303</ymax>
		</bndbox>
	</object>
	<object>
		<name>seed</name>
		<pose>Unspecified</pose>
		<truncated>0</truncated>
		<difficult>0</difficult>
		<bndbox>
			<xmin>1864</xmin>
			<ymin>2187</ymin>
			<xmax>1890</xmax>
			<ymax>2210</ymax>
		</bndbox>
	</object>
	<object>
		<name>seed</name>
		<pose>Unspecified</pose>
		<truncated>0</truncated>
		<difficult>0</difficult>
		<bndbox>
			<xmin>2212</xmin>
			<ymin>1626</ymin>
			<xmax>2238</xmax>
			<ymax>1650</ymax>
		</bndbox>
	</object>
	<object>
		<name>seed</name>
		<pose>Unspecified</pose>
		<truncated>0</truncated>
		<difficult>0</difficult>
		<bndbox>
			<xmin>2054</xmin>
			<ymin>1754</ymin>
			<xmax>2078</xmax>
			<ymax>1776</ymax>
		</bndbox>
	</object>
	<object>
		<name>seed</name>
		<pose>Unspecified</pose>
		<truncated>0</truncated>
		<difficult>0</difficult>
		<bndbox>
			<xmin>2135</xmin>
			<ymin>1769</ymin>
			<xmax>2161</xmax>
			<ymax>1794</ymax>
		</bndbox>
	</object>
	<object>
		<name>seed</name>
		<pose>Unspecified</pose>
		<truncated>0</truncated>
		<difficult>0</difficult>
		<bndbox>
			<xmin>2177</xmin>
			<ymin>1720</ymin>
			<xmax>2201</xmax>
			<ymax>1744</ymax>
		</bndbox>
	</object>
	<object>
		<name>seed</name>
		<pose>Unspecified</pose>
		<truncated>0</truncated>
		<difficult>0</difficult>
		<bndbox>
			<xmin>2106</xmin>
			<ymin>1800</ymin>
			<xmax>2130</xmax>
			<ymax>1822</ymax>
		</bndbox>
	</object>
	<object>
		<name>seed</name>
		<pose>Unspecified</pose>
		<truncated>0</truncated>
		<difficult>0</difficult>
		<bndbox>
			<xmin>1889</xmin>
			<ymin>2301</ymin>
			<xmax>1914</xmax>
			<ymax>2325</ymax>
		</bndbox>
	</object>
	<object>
		<name>seed</name>
		<pose>Unspecified</pose>
		<truncated>0</truncated>
		<difficult>0</difficult>
		<bndbox>
			<xmin>2039</xmin>
			<ymin>1701</ymin>
			<xmax>2068</xmax>
			<ymax>1728</ymax>
		</bndbox>
	</object>
	<object>
		<name>seed</name>
		<pose>Unspecified</pose>
		<truncated>0</truncated>
		<difficult>0</difficult>
		<bndbox>
			<xmin>1747</xmin>
			<ymin>2427</ymin>
			<xmax>1771</xmax>
			<ymax>2450</ymax>
		</bndbox>
	</object>
	<object>
		<name>seed</name>
		<pose>Unspecified</pose>
		<truncated>0</truncated>
		<difficult>0</difficult>
		<bndbox>
			<xmin>1713</xmin>
			<ymin>2421</ymin>
			<xmax>1738</xmax>
			<ymax>2444</ymax>
		</bndbox>
	</object>
	<object>
		<name>seed</name>
		<pose>Unspecified</pose>
		<truncated>0</truncated>
		<difficult>0</difficult>
		<bndbox>
			<xmin>1913</xmin>
			<ymin>2139</ymin>
			<xmax>1937</xmax>
			<ymax>2161</ymax>
		</bndbox>
	</object>
	<object>
		<name>seed</name>
		<pose>Unspecified</pose>
		<truncated>0</truncated>
		<difficult>0</difficult>
		<bndbox>
			<xmin>2107</xmin>
			<ymin>1639</ymin>
			<xmax>2133</xmax>
			<ymax>1664</ymax>
		</bndbox>
	</object>
	<object>
		<name>seed</name>
		<pose>Unspecified</pose>
		<truncated>0</truncated>
		<difficult>0</difficult>
		<bndbox>
			<xmin>1942</xmin>
			<ymin>2026</ymin>
			<xmax>1966</xmax>
			<ymax>2050</ymax>
		</bndbox>
	</object>
	<object>
		<name>seed</name>
		<pose>Unspecified</pose>
		<truncated>0</truncated>
		<difficult>0</difficult>
		<bndbox>
			<xmin>2329</xmin>
			<ymin>1833</ymin>
			<xmax>2356</xmax>
			<ymax>1857</ymax>
		</bndbox>
	</object>
	<object>
		<name>seed</name>
		<pose>Unspecified</pose>
		<truncated>0</truncated>
		<difficult>0</difficult>
		<bndbox>
			<xmin>2287</xmin>
			<ymin>1781</ymin>
			<xmax>2313</xmax>
			<ymax>1805</ymax>
		</bndbox>
	</object>
	<object>
		<name>seed</name>
		<pose>Unspecified</pose>
		<truncated>0</truncated>
		<difficult>0</difficult>
		<bndbox>
			<xmin>2232</xmin>
			<ymin>1760</ymin>
			<xmax>2258</xmax>
			<ymax>1785</ymax>
		</bndbox>
	</object>
	<object>
		<name>seed</name>
		<pose>Unspecified</pose>
		<truncated>0</truncated>
		<difficult>0</difficult>
		<bndbox>
			<xmin>2085</xmin>
			<ymin>1632</ymin>
			<xmax>2111</xmax>
			<ymax>1658</ymax>
		</bndbox>
	</object>
	<object>
		<name>seed</name>
		<pose>Unspecified</pose>
		<truncated>0</truncated>
		<difficult>0</difficult>
		<bndbox>
			<xmin>2215</xmin>
			<ymin>1585</ymin>
			<xmax>2240</xmax>
			<ymax>1609</ymax>
		</bndbox>
	</object>
	<object>
		<name>seed</name>
		<pose>Unspecified</pose>
		<truncated>0</truncated>
		<difficult>0</difficult>
		<bndbox>
			<xmin>2027</xmin>
			<ymin>2014</ymin>
			<xmax>2052</xmax>
			<ymax>2038</ymax>
		</bndbox>
	</object>
	<object>
		<name>seed</name>
		<pose>Unspecified</pose>
		<truncated>0</truncated>
		<difficult>0</difficult>
		<bndbox>
			<xmin>2317</xmin>
			<ymin>1815</ymin>
			<xmax>2342</xmax>
			<ymax>1838</ymax>
		</bndbox>
	</object>
	<object>
		<name>seed</name>
		<pose>Unspecified</pose>
		<truncated>0</truncated>
		<difficult>0</difficult>
		<bndbox>
			<xmin>2098</xmin>
			<ymin>1919</ymin>
			<xmax>2125</xmax>
			<ymax>1943</ymax>
		</bndbox>
	</object>
	<object>
		<name>seed</name>
		<pose>Unspecified</pose>
		<truncated>0</truncated>
		<difficult>0</difficult>
		<bndbox>
			<xmin>1507</xmin>
			<ymin>2238</ymin>
			<xmax>1533</xmax>
			<ymax>2264</ymax>
		</bndbox>
	</object>
	<object>
		<name>seed</name>
		<pose>Unspecified</pose>
		<truncated>0</truncated>
		<difficult>0</difficult>
		<bndbox>
			<xmin>2183</xmin>
			<ymin>1934</ymin>
			<xmax>2207</xmax>
			<ymax>1956</ymax>
		</bndbox>
	</object>
	<object>
		<name>seed</name>
		<pose>Unspecified</pose>
		<truncated>0</truncated>
		<difficult>0</difficult>
		<bndbox>
			<xmin>1732</xmin>
			<ymin>2054</ymin>
			<xmax>1756</xmax>
			<ymax>2078</ymax>
		</bndbox>
	</object>
	<object>
		<name>seed</name>
		<pose>Unspecified</pose>
		<truncated>0</truncated>
		<difficult>0</difficult>
		<bndbox>
			<xmin>2204</xmin>
			<ymin>1733</ymin>
			<xmax>2230</xmax>
			<ymax>1755</ymax>
		</bndbox>
	</object>
	<object>
		<name>seed</name>
		<pose>Unspecified</pose>
		<truncated>0</truncated>
		<difficult>0</difficult>
		<bndbox>
			<xmin>1523</xmin>
			<ymin>1641</ymin>
			<xmax>1547</xmax>
			<ymax>1665</ymax>
		</bndbox>
	</object>
	<object>
		<name>seed</name>
		<pose>Unspecified</pose>
		<truncated>0</truncated>
		<difficult>0</difficult>
		<bndbox>
			<xmin>1522</xmin>
			<ymin>1932</ymin>
			<xmax>1545</xmax>
			<ymax>1956</ymax>
		</bndbox>
	</object>
	<object>
		<name>seed</name>
		<pose>Unspecified</pose>
		<truncated>0</truncated>
		<difficult>0</difficult>
		<bndbox>
			<xmin>1530</xmin>
			<ymin>2050</ymin>
			<xmax>1553</xmax>
			<ymax>2075</ymax>
		</bndbox>
	</object>
	<object>
		<name>seed</name>
		<pose>Unspecified</pose>
		<truncated>0</truncated>
		<difficult>0</difficult>
		<bndbox>
			<xmin>2185</xmin>
			<ymin>1588</ymin>
			<xmax>2210</xmax>
			<ymax>1612</ymax>
		</bndbox>
	</object>
	<object>
		<name>seed</name>
		<pose>Unspecified</pose>
		<truncated>0</truncated>
		<difficult>0</difficult>
		<bndbox>
			<xmin>1764</xmin>
			<ymin>2262</ymin>
			<xmax>1790</xmax>
			<ymax>2285</ymax>
		</bndbox>
	</object>
	<object>
		<name>seed</name>
		<pose>Unspecified</pose>
		<truncated>0</truncated>
		<difficult>0</difficult>
		<bndbox>
			<xmin>1673</xmin>
			<ymin>2337</ymin>
			<xmax>1699</xmax>
			<ymax>2361</ymax>
		</bndbox>
	</object>
	<object>
		<name>seed</name>
		<pose>Unspecified</pose>
		<truncated>0</truncated>
		<difficult>0</difficult>
		<bndbox>
			<xmin>2241</xmin>
			<ymin>1687</ymin>
			<xmax>2266</xmax>
			<ymax>1711</ymax>
		</bndbox>
	</object>
	<object>
		<name>seed</name>
		<pose>Unspecified</pose>
		<truncated>0</truncated>
		<difficult>0</difficult>
		<bndbox>
			<xmin>2268</xmin>
			<ymin>1690</ymin>
			<xmax>2292</xmax>
			<ymax>1713</ymax>
		</bndbox>
	</object>
	<object>
		<name>seed</name>
		<pose>Unspecified</pose>
		<truncated>0</truncated>
		<difficult>0</difficult>
		<bndbox>
			<xmin>1838</xmin>
			<ymin>2384</ymin>
			<xmax>1863</xmax>
			<ymax>2407</ymax>
		</bndbox>
	</object>
	<object>
		<name>seed</name>
		<pose>Unspecified</pose>
		<truncated>0</truncated>
		<difficult>0</difficult>
		<bndbox>
			<xmin>2342</xmin>
			<ymin>1722</ymin>
			<xmax>2369</xmax>
			<ymax>1747</ymax>
		</bndbox>
	</object>
	<object>
		<name>seed</name>
		<pose>Unspecified</pose>
		<truncated>0</truncated>
		<difficult>0</difficult>
		<bndbox>
			<xmin>1876</xmin>
			<ymin>2085</ymin>
			<xmax>1901</xmax>
			<ymax>2109</ymax>
		</bndbox>
	</object>
	<object>
		<name>seed</name>
		<pose>Unspecified</pose>
		<truncated>0</truncated>
		<difficult>0</difficult>
		<bndbox>
			<xmin>2227</xmin>
			<ymin>1605</ymin>
			<xmax>2252</xmax>
			<ymax>1627</ymax>
		</bndbox>
	</object>
	<object>
		<name>seed</name>
		<pose>Unspecified</pose>
		<truncated>0</truncated>
		<difficult>0</difficult>
		<bndbox>
			<xmin>2261</xmin>
			<ymin>1789</ymin>
			<xmax>2284</xmax>
			<ymax>1812</ymax>
		</bndbox>
	</object>
	<object>
		<name>seed</name>
		<pose>Unspecified</pose>
		<truncated>0</truncated>
		<difficult>0</difficult>
		<bndbox>
			<xmin>2159</xmin>
			<ymin>1813</ymin>
			<xmax>2184</xmax>
			<ymax>1833</ymax>
		</bndbox>
	</object>
	<object>
		<name>seed</name>
		<pose>Unspecified</pose>
		<truncated>0</truncated>
		<difficult>0</difficult>
		<bndbox>
			<xmin>2317</xmin>
			<ymin>1703</ymin>
			<xmax>2344</xmax>
			<ymax>1727</ymax>
		</bndbox>
	</object>
	<object>
		<name>seed</name>
		<pose>Unspecified</pose>
		<truncated>0</truncated>
		<difficult>0</difficult>
		<bndbox>
			<xmin>1951</xmin>
			<ymin>2057</ymin>
			<xmax>1975</xmax>
			<ymax>2080</ymax>
		</bndbox>
	</object>
	<object>
		<name>seed</name>
		<pose>Unspecified</pose>
		<truncated>0</truncated>
		<difficult>0</difficult>
		<bndbox>
			<xmin>1801</xmin>
			<ymin>1742</ymin>
			<xmax>1825</xmax>
			<ymax>1764</ymax>
		</bndbox>
	</object>
	<object>
		<name>seed</name>
		<pose>Unspecified</pose>
		<truncated>0</truncated>
		<difficult>0</difficult>
		<bndbox>
			<xmin>2134</xmin>
			<ymin>1575</ymin>
			<xmax>2161</xmax>
			<ymax>1601</ymax>
		</bndbox>
	</object>
	<object>
		<name>seed</name>
		<pose>Unspecified</pose>
		<truncated>0</truncated>
		<difficult>0</difficult>
		<bndbox>
			<xmin>2163</xmin>
			<ymin>1653</ymin>
			<xmax>2188</xmax>
			<ymax>1677</ymax>
		</bndbox>
	</object>
	<object>
		<name>seed</name>
		<pose>Unspecified</pose>
		<truncated>0</truncated>
		<difficult>0</difficult>
		<bndbox>
			<xmin>1947</xmin>
			<ymin>1736</ymin>
			<xmax>1972</xmax>
			<ymax>1760</ymax>
		</bndbox>
	</object>
	<object>
		<name>seed</name>
		<pose>Unspecified</pose>
		<truncated>0</truncated>
		<difficult>0</difficult>
		<bndbox>
			<xmin>1531</xmin>
			<ymin>2146</ymin>
			<xmax>1555</xmax>
			<ymax>2171</ymax>
		</bndbox>
	</object>
	<object>
		<name>seed</name>
		<pose>Unspecified</pose>
		<truncated>0</truncated>
		<difficult>0</difficult>
		<bndbox>
			<xmin>1937</xmin>
			<ymin>1881</ymin>
			<xmax>1961</xmax>
			<ymax>1905</ymax>
		</bndbox>
	</object>
	<object>
		<name>seed</name>
		<pose>Unspecified</pose>
		<truncated>0</truncated>
		<difficult>0</difficult>
		<bndbox>
			<xmin>2197</xmin>
			<ymin>1808</ymin>
			<xmax>2223</xmax>
			<ymax>1830</ymax>
		</bndbox>
	</object>
	<object>
		<name>seed</name>
		<pose>Unspecified</pose>
		<truncated>0</truncated>
		<difficult>0</difficult>
		<bndbox>
			<xmin>2163</xmin>
			<ymin>1744</ymin>
			<xmax>2189</xmax>
			<ymax>1766</ymax>
		</bndbox>
	</object>
	<object>
		<name>seed</name>
		<pose>Unspecified</pose>
		<truncated>0</truncated>
		<difficult>0</difficult>
		<bndbox>
			<xmin>2243</xmin>
			<ymin>1865</ymin>
			<xmax>2269</xmax>
			<ymax>1888</ymax>
		</bndbox>
	</object>
	<object>
		<name>seed</name>
		<pose>Unspecified</pose>
		<truncated>0</truncated>
		<difficult>0</difficult>
		<bndbox>
			<xmin>1990</xmin>
			<ymin>2075</ymin>
			<xmax>2014</xmax>
			<ymax>2097</ymax>
		</bndbox>
	</object>
	<object>
		<name>seed</name>
		<pose>Unspecified</pose>
		<truncated>0</truncated>
		<difficult>0</difficult>
		<bndbox>
			<xmin>1834</xmin>
			<ymin>1703</ymin>
			<xmax>1860</xmax>
			<ymax>1727</ymax>
		</bndbox>
	</object>
	<object>
		<name>seed</name>
		<pose>Unspecified</pose>
		<truncated>0</truncated>
		<difficult>0</difficult>
		<bndbox>
			<xmin>2043</xmin>
			<ymin>2096</ymin>
			<xmax>2072</xmax>
			<ymax>2120</ymax>
		</bndbox>
	</object>
	<object>
		<name>seed</name>
		<pose>Unspecified</pose>
		<truncated>0</truncated>
		<difficult>0</difficult>
		<bndbox>
			<xmin>1525</xmin>
			<ymin>2079</ymin>
			<xmax>1548</xmax>
			<ymax>2103</ymax>
		</bndbox>
	</object>
	<object>
		<name>seed</name>
		<pose>Unspecified</pose>
		<truncated>0</truncated>
		<difficult>0</difficult>
		<bndbox>
			<xmin>1988</xmin>
			<ymin>2097</ymin>
			<xmax>2013</xmax>
			<ymax>2117</ymax>
		</bndbox>
	</object>
	<object>
		<name>seed</name>
		<pose>Unspecified</pose>
		<truncated>0</truncated>
		<difficult>0</difficult>
		<bndbox>
			<xmin>2093</xmin>
			<ymin>1557</ymin>
			<xmax>2112</xmax>
			<ymax>1580</ymax>
		</bndbox>
	</object>
	<object>
		<name>seed</name>
		<pose>Unspecified</pose>
		<truncated>0</truncated>
		<difficult>0</difficult>
		<bndbox>
			<xmin>1526</xmin>
			<ymin>2191</ymin>
			<xmax>1551</xmax>
			<ymax>2215</ymax>
		</bndbox>
	</object>
	<object>
		<name>seed</name>
		<pose>Unspecified</pose>
		<truncated>0</truncated>
		<difficult>0</difficult>
		<bndbox>
			<xmin>1844</xmin>
			<ymin>1644</ymin>
			<xmax>1867</xmax>
			<ymax>1664</ymax>
		</bndbox>
	</object>
	<object>
		<name>seed</name>
		<pose>Unspecified</pose>
		<truncated>0</truncated>
		<difficult>0</difficult>
		<bndbox>
			<xmin>1514</xmin>
			<ymin>1669</ymin>
			<xmax>1538</xmax>
			<ymax>1693</ymax>
		</bndbox>
	</object>
	<object>
		<name>seed</name>
		<pose>Unspecified</pose>
		<truncated>0</truncated>
		<difficult>0</difficult>
		<bndbox>
			<xmin>1738</xmin>
			<ymin>2122</ymin>
			<xmax>1762</xmax>
			<ymax>2145</ymax>
		</bndbox>
	</object>
	<object>
		<name>seed</name>
		<pose>Unspecified</pose>
		<truncated>0</truncated>
		<difficult>0</difficult>
		<bndbox>
			<xmin>1683</xmin>
			<ymin>2203</ymin>
			<xmax>1706</xmax>
			<ymax>2224</ymax>
		</bndbox>
	</object>
	<object>
		<name>seed</name>
		<pose>Unspecified</pose>
		<truncated>0</truncated>
		<difficult>0</difficult>
		<bndbox>
			<xmin>2189</xmin>
			<ymin>2035</ymin>
			<xmax>2215</xmax>
			<ymax>2057</ymax>
		</bndbox>
	</object>
	<object>
		<name>seed</name>
		<pose>Unspecified</pose>
		<truncated>0</truncated>
		<difficult>0</difficult>
		<bndbox>
			<xmin>1584</xmin>
			<ymin>2271</ymin>
			<xmax>1607</xmax>
			<ymax>2295</ymax>
		</bndbox>
	</object>
	<object>
		<name>seed</name>
		<pose>Unspecified</pose>
		<truncated>0</truncated>
		<difficult>0</difficult>
		<bndbox>
			<xmin>542</xmin>
			<ymin>1307</ymin>
			<xmax>567</xmax>
			<ymax>1330</ymax>
		</bndbox>
	</object>
	<object>
		<name>seed</name>
		<pose>Unspecified</pose>
		<truncated>0</truncated>
		<difficult>0</difficult>
		<bndbox>
			<xmin>106</xmin>
			<ymin>1760</ymin>
			<xmax>130</xmax>
			<ymax>1784</ymax>
		</bndbox>
	</object>
	<object>
		<name>seed</name>
		<pose>Unspecified</pose>
		<truncated>0</truncated>
		<difficult>0</difficult>
		<bndbox>
			<xmin>944</xmin>
			<ymin>1717</ymin>
			<xmax>968</xmax>
			<ymax>1742</ymax>
		</bndbox>
	</object>
	<object>
		<name>seed</name>
		<pose>Unspecified</pose>
		<truncated>0</truncated>
		<difficult>0</difficult>
		<bndbox>
			<xmin>1545</xmin>
			<ymin>1413</ymin>
			<xmax>1572</xmax>
			<ymax>1437</ymax>
		</bndbox>
	</object>
	<object>
		<name>seed</name>
		<pose>Unspecified</pose>
		<truncated>0</truncated>
		<difficult>0</difficult>
		<bndbox>
			<xmin>1562</xmin>
			<ymin>908</ymin>
			<xmax>1578</xmax>
			<ymax>926</ymax>
		</bndbox>
	</object>
	<object>
		<name>seed</name>
		<pose>Unspecified</pose>
		<truncated>0</truncated>
		<difficult>0</difficult>
		<bndbox>
			<xmin>1548</xmin>
			<ymin>429</ymin>
			<xmax>1568</xmax>
			<ymax>454</ymax>
		</bndbox>
	</object>
	<object>
		<name>seed</name>
		<pose>Unspecified</pose>
		<truncated>0</truncated>
		<difficult>0</difficult>
		<bndbox>
			<xmin>2077</xmin>
			<ymin>1541</ymin>
			<xmax>2097</xmax>
			<ymax>1560</ymax>
		</bndbox>
	</object>
	<object>
		<name>seed</name>
		<pose>Unspecified</pose>
		<truncated>0</truncated>
		<difficult>0</difficult>
		<bndbox>
			<xmin>1373</xmin>
			<ymin>1102</ymin>
			<xmax>1389</xmax>
			<ymax>1117</ymax>
		</bndbox>
	</object>
</annotation>
