<annotation>
	<folder>01_done</folder>
	<filename>scan16_110918015.jpg_0_0 (1).jpg</filename>
	<path>C:\Users\Fanrui Meng\Desktop\01_done\scan16_110918015.jpg_0_0 (1).jpg</path>
	<source>
		<database>Unknown</database>
	</source>
	<size>
		<width>2900</width>
		<height>2900</height>
		<depth>3</depth>
	</size>
	<segmented>0</segmented>
	<object>
		<name>seed</name>
		<pose>Unspecified</pose>
		<truncated>0</truncated>
		<difficult>0</difficult>
		<bndbox>
			<xmin>1349</xmin>
			<ymin>631</ymin>
			<xmax>1371</xmax>
			<ymax>657</ymax>
		</bndbox>
	</object>
	<object>
		<name>seed</name>
		<pose>Unspecified</pose>
		<truncated>0</truncated>
		<difficult>0</difficult>
		<bndbox>
			<xmin>951</xmin>
			<ymin>1044</ymin>
			<xmax>975</xmax>
			<ymax>1067</ymax>
		</bndbox>
	</object>
	<object>
		<name>seed</name>
		<pose>Unspecified</pose>
		<truncated>0</truncated>
		<difficult>0</difficult>
		<bndbox>
			<xmin>1026</xmin>
			<ymin>1314</ymin>
			<xmax>1051</xmax>
			<ymax>1338</ymax>
		</bndbox>
	</object>
	<object>
		<name>seed</name>
		<pose>Unspecified</pose>
		<truncated>0</truncated>
		<difficult>0</difficult>
		<bndbox>
			<xmin>978</xmin>
			<ymin>774</ymin>
			<xmax>1004</xmax>
			<ymax>797</ymax>
		</bndbox>
	</object>
	<object>
		<name>seed</name>
		<pose>Unspecified</pose>
		<truncated>0</truncated>
		<difficult>0</difficult>
		<bndbox>
			<xmin>1217</xmin>
			<ymin>1285</ymin>
			<xmax>1241</xmax>
			<ymax>1309</ymax>
		</bndbox>
	</object>
	<object>
		<name>seed</name>
		<pose>Unspecified</pose>
		<truncated>0</truncated>
		<difficult>0</difficult>
		<bndbox>
			<xmin>1357</xmin>
			<ymin>1043</ymin>
			<xmax>1384</xmax>
			<ymax>1066</ymax>
		</bndbox>
	</object>
	<object>
		<name>seed</name>
		<pose>Unspecified</pose>
		<truncated>0</truncated>
		<difficult>0</difficult>
		<bndbox>
			<xmin>1394</xmin>
			<ymin>644</ymin>
			<xmax>1419</xmax>
			<ymax>669</ymax>
		</bndbox>
	</object>
	<object>
		<name>seed</name>
		<pose>Unspecified</pose>
		<truncated>0</truncated>
		<difficult>0</difficult>
		<bndbox>
			<xmin>1332</xmin>
			<ymin>976</ymin>
			<xmax>1356</xmax>
			<ymax>999</ymax>
		</bndbox>
	</object>
	<object>
		<name>seed</name>
		<pose>Unspecified</pose>
		<truncated>0</truncated>
		<difficult>0</difficult>
		<bndbox>
			<xmin>1391</xmin>
			<ymin>910</ymin>
			<xmax>1417</xmax>
			<ymax>932</ymax>
		</bndbox>
	</object>
	<object>
		<name>seed</name>
		<pose>Unspecified</pose>
		<truncated>0</truncated>
		<difficult>0</difficult>
		<bndbox>
			<xmin>1042</xmin>
			<ymin>776</ymin>
			<xmax>1067</xmax>
			<ymax>799</ymax>
		</bndbox>
	</object>
	<object>
		<name>seed</name>
		<pose>Unspecified</pose>
		<truncated>0</truncated>
		<difficult>0</difficult>
		<bndbox>
			<xmin>1323</xmin>
			<ymin>830</ymin>
			<xmax>1350</xmax>
			<ymax>855</ymax>
		</bndbox>
	</object>
	<object>
		<name>seed</name>
		<pose>Unspecified</pose>
		<truncated>0</truncated>
		<difficult>0</difficult>
		<bndbox>
			<xmin>1394</xmin>
			<ymin>882</ymin>
			<xmax>1418</xmax>
			<ymax>904</ymax>
		</bndbox>
	</object>
	<object>
		<name>seed</name>
		<pose>Unspecified</pose>
		<truncated>0</truncated>
		<difficult>0</difficult>
		<bndbox>
			<xmin>1321</xmin>
			<ymin>733</ymin>
			<xmax>1344</xmax>
			<ymax>756</ymax>
		</bndbox>
	</object>
	<object>
		<name>seed</name>
		<pose>Unspecified</pose>
		<truncated>0</truncated>
		<difficult>0</difficult>
		<bndbox>
			<xmin>1396</xmin>
			<ymin>774</ymin>
			<xmax>1422</xmax>
			<ymax>799</ymax>
		</bndbox>
	</object>
	<object>
		<name>seed</name>
		<pose>Unspecified</pose>
		<truncated>0</truncated>
		<difficult>0</difficult>
		<bndbox>
			<xmin>1349</xmin>
			<ymin>816</ymin>
			<xmax>1374</xmax>
			<ymax>840</ymax>
		</bndbox>
	</object>
	<object>
		<name>seed</name>
		<pose>Unspecified</pose>
		<truncated>0</truncated>
		<difficult>0</difficult>
		<bndbox>
			<xmin>1349</xmin>
			<ymin>718</ymin>
			<xmax>1375</xmax>
			<ymax>741</ymax>
		</bndbox>
	</object>
	<object>
		<name>seed</name>
		<pose>Unspecified</pose>
		<truncated>0</truncated>
		<difficult>0</difficult>
		<bndbox>
			<xmin>854</xmin>
			<ymin>714</ymin>
			<xmax>879</xmax>
			<ymax>738</ymax>
		</bndbox>
	</object>
	<object>
		<name>seed</name>
		<pose>Unspecified</pose>
		<truncated>0</truncated>
		<difficult>0</difficult>
		<bndbox>
			<xmin>944</xmin>
			<ymin>1067</ymin>
			<xmax>970</xmax>
			<ymax>1090</ymax>
		</bndbox>
	</object>
	<object>
		<name>seed</name>
		<pose>Unspecified</pose>
		<truncated>0</truncated>
		<difficult>0</difficult>
		<bndbox>
			<xmin>867</xmin>
			<ymin>1216</ymin>
			<xmax>893</xmax>
			<ymax>1239</ymax>
		</bndbox>
	</object>
	<object>
		<name>seed</name>
		<pose>Unspecified</pose>
		<truncated>0</truncated>
		<difficult>0</difficult>
		<bndbox>
			<xmin>847</xmin>
			<ymin>1390</ymin>
			<xmax>872</xmax>
			<ymax>1415</ymax>
		</bndbox>
	</object>
	<object>
		<name>seed</name>
		<pose>Unspecified</pose>
		<truncated>0</truncated>
		<difficult>0</difficult>
		<bndbox>
			<xmin>919</xmin>
			<ymin>1014</ymin>
			<xmax>944</xmax>
			<ymax>1038</ymax>
		</bndbox>
	</object>
	<object>
		<name>seed</name>
		<pose>Unspecified</pose>
		<truncated>0</truncated>
		<difficult>0</difficult>
		<bndbox>
			<xmin>1274</xmin>
			<ymin>776</ymin>
			<xmax>1299</xmax>
			<ymax>798</ymax>
		</bndbox>
	</object>
	<object>
		<name>seed</name>
		<pose>Unspecified</pose>
		<truncated>0</truncated>
		<difficult>0</difficult>
		<bndbox>
			<xmin>1329</xmin>
			<ymin>616</ymin>
			<xmax>1349</xmax>
			<ymax>640</ymax>
		</bndbox>
	</object>
	<object>
		<name>seed</name>
		<pose>Unspecified</pose>
		<truncated>0</truncated>
		<difficult>0</difficult>
		<bndbox>
			<xmin>1049</xmin>
			<ymin>495</ymin>
			<xmax>1079</xmax>
			<ymax>514</ymax>
		</bndbox>
	</object>
	<object>
		<name>seed</name>
		<pose>Unspecified</pose>
		<truncated>0</truncated>
		<difficult>0</difficult>
		<bndbox>
			<xmin>1089</xmin>
			<ymin>903</ymin>
			<xmax>1113</xmax>
			<ymax>926</ymax>
		</bndbox>
	</object>
	<object>
		<name>seed</name>
		<pose>Unspecified</pose>
		<truncated>0</truncated>
		<difficult>0</difficult>
		<bndbox>
			<xmin>1315</xmin>
			<ymin>595</ymin>
			<xmax>1339</xmax>
			<ymax>618</ymax>
		</bndbox>
	</object>
	<object>
		<name>seed</name>
		<pose>Unspecified</pose>
		<truncated>0</truncated>
		<difficult>0</difficult>
		<bndbox>
			<xmin>1371</xmin>
			<ymin>867</ymin>
			<xmax>1396</xmax>
			<ymax>887</ymax>
		</bndbox>
	</object>
	<object>
		<name>seed</name>
		<pose>Unspecified</pose>
		<truncated>0</truncated>
		<difficult>0</difficult>
		<bndbox>
			<xmin>788</xmin>
			<ymin>1270</ymin>
			<xmax>812</xmax>
			<ymax>1293</ymax>
		</bndbox>
	</object>
	<object>
		<name>seed</name>
		<pose>Unspecified</pose>
		<truncated>0</truncated>
		<difficult>0</difficult>
		<bndbox>
			<xmin>1262</xmin>
			<ymin>738</ymin>
			<xmax>1284</xmax>
			<ymax>759</ymax>
		</bndbox>
	</object>
	<object>
		<name>seed</name>
		<pose>Unspecified</pose>
		<truncated>0</truncated>
		<difficult>0</difficult>
		<bndbox>
			<xmin>1245</xmin>
			<ymin>677</ymin>
			<xmax>1274</xmax>
			<ymax>699</ymax>
		</bndbox>
	</object>
	<object>
		<name>seed</name>
		<pose>Unspecified</pose>
		<truncated>0</truncated>
		<difficult>0</difficult>
		<bndbox>
			<xmin>510</xmin>
			<ymin>1258</ymin>
			<xmax>536</xmax>
			<ymax>1282</ymax>
		</bndbox>
	</object>
	<object>
		<name>seed</name>
		<pose>Unspecified</pose>
		<truncated>0</truncated>
		<difficult>0</difficult>
		<bndbox>
			<xmin>1174</xmin>
			<ymin>485</ymin>
			<xmax>1200</xmax>
			<ymax>508</ymax>
		</bndbox>
	</object>
	<object>
		<name>seed</name>
		<pose>Unspecified</pose>
		<truncated>0</truncated>
		<difficult>0</difficult>
		<bndbox>
			<xmin>812</xmin>
			<ymin>900</ymin>
			<xmax>835</xmax>
			<ymax>922</ymax>
		</bndbox>
	</object>
	<object>
		<name>seed</name>
		<pose>Unspecified</pose>
		<truncated>0</truncated>
		<difficult>0</difficult>
		<bndbox>
			<xmin>1048</xmin>
			<ymin>1257</ymin>
			<xmax>1073</xmax>
			<ymax>1280</ymax>
		</bndbox>
	</object>
	<object>
		<name>seed</name>
		<pose>Unspecified</pose>
		<truncated>0</truncated>
		<difficult>0</difficult>
		<bndbox>
			<xmin>874</xmin>
			<ymin>764</ymin>
			<xmax>900</xmax>
			<ymax>788</ymax>
		</bndbox>
	</object>
	<object>
		<name>seed</name>
		<pose>Unspecified</pose>
		<truncated>0</truncated>
		<difficult>0</difficult>
		<bndbox>
			<xmin>737</xmin>
			<ymin>1108</ymin>
			<xmax>761</xmax>
			<ymax>1131</ymax>
		</bndbox>
	</object>
	<object>
		<name>seed</name>
		<pose>Unspecified</pose>
		<truncated>0</truncated>
		<difficult>0</difficult>
		<bndbox>
			<xmin>800</xmin>
			<ymin>992</ymin>
			<xmax>825</xmax>
			<ymax>1015</ymax>
		</bndbox>
	</object>
	<object>
		<name>seed</name>
		<pose>Unspecified</pose>
		<truncated>0</truncated>
		<difficult>0</difficult>
		<bndbox>
			<xmin>968</xmin>
			<ymin>1387</ymin>
			<xmax>995</xmax>
			<ymax>1411</ymax>
		</bndbox>
	</object>
	<object>
		<name>seed</name>
		<pose>Unspecified</pose>
		<truncated>0</truncated>
		<difficult>0</difficult>
		<bndbox>
			<xmin>1381</xmin>
			<ymin>829</ymin>
			<xmax>1406</xmax>
			<ymax>853</ymax>
		</bndbox>
	</object>
	<object>
		<name>seed</name>
		<pose>Unspecified</pose>
		<truncated>0</truncated>
		<difficult>0</difficult>
		<bndbox>
			<xmin>1023</xmin>
			<ymin>647</ymin>
			<xmax>1049</xmax>
			<ymax>672</ymax>
		</bndbox>
	</object>
	<object>
		<name>seed</name>
		<pose>Unspecified</pose>
		<truncated>0</truncated>
		<difficult>0</difficult>
		<bndbox>
			<xmin>1309</xmin>
			<ymin>886</ymin>
			<xmax>1334</xmax>
			<ymax>909</ymax>
		</bndbox>
	</object>
	<object>
		<name>seed</name>
		<pose>Unspecified</pose>
		<truncated>0</truncated>
		<difficult>0</difficult>
		<bndbox>
			<xmin>974</xmin>
			<ymin>802</ymin>
			<xmax>999</xmax>
			<ymax>825</ymax>
		</bndbox>
	</object>
	<object>
		<name>seed</name>
		<pose>Unspecified</pose>
		<truncated>0</truncated>
		<difficult>0</difficult>
		<bndbox>
			<xmin>1280</xmin>
			<ymin>904</ymin>
			<xmax>1304</xmax>
			<ymax>927</ymax>
		</bndbox>
	</object>
	<object>
		<name>seed</name>
		<pose>Unspecified</pose>
		<truncated>0</truncated>
		<difficult>0</difficult>
		<bndbox>
			<xmin>1304</xmin>
			<ymin>855</ymin>
			<xmax>1329</xmax>
			<ymax>880</ymax>
		</bndbox>
	</object>
	<object>
		<name>seed</name>
		<pose>Unspecified</pose>
		<truncated>0</truncated>
		<difficult>0</difficult>
		<bndbox>
			<xmin>719</xmin>
			<ymin>1433</ymin>
			<xmax>745</xmax>
			<ymax>1455</ymax>
		</bndbox>
	</object>
	<object>
		<name>seed</name>
		<pose>Unspecified</pose>
		<truncated>0</truncated>
		<difficult>0</difficult>
		<bndbox>
			<xmin>690</xmin>
			<ymin>1257</ymin>
			<xmax>715</xmax>
			<ymax>1279</ymax>
		</bndbox>
	</object>
	<object>
		<name>seed</name>
		<pose>Unspecified</pose>
		<truncated>0</truncated>
		<difficult>0</difficult>
		<bndbox>
			<xmin>1408</xmin>
			<ymin>817</ymin>
			<xmax>1433</xmax>
			<ymax>841</ymax>
		</bndbox>
	</object>
	<object>
		<name>seed</name>
		<pose>Unspecified</pose>
		<truncated>0</truncated>
		<difficult>0</difficult>
		<bndbox>
			<xmin>1041</xmin>
			<ymin>668</ymin>
			<xmax>1068</xmax>
			<ymax>692</ymax>
		</bndbox>
	</object>
	<object>
		<name>seed</name>
		<pose>Unspecified</pose>
		<truncated>0</truncated>
		<difficult>0</difficult>
		<bndbox>
			<xmin>990</xmin>
			<ymin>569</ymin>
			<xmax>1014</xmax>
			<ymax>592</ymax>
		</bndbox>
	</object>
	<object>
		<name>seed</name>
		<pose>Unspecified</pose>
		<truncated>0</truncated>
		<difficult>0</difficult>
		<bndbox>
			<xmin>1332</xmin>
			<ymin>1406</ymin>
			<xmax>1357</xmax>
			<ymax>1429</ymax>
		</bndbox>
	</object>
	<object>
		<name>seed</name>
		<pose>Unspecified</pose>
		<truncated>0</truncated>
		<difficult>0</difficult>
		<bndbox>
			<xmin>1370</xmin>
			<ymin>651</ymin>
			<xmax>1395</xmax>
			<ymax>675</ymax>
		</bndbox>
	</object>
	<object>
		<name>seed</name>
		<pose>Unspecified</pose>
		<truncated>0</truncated>
		<difficult>0</difficult>
		<bndbox>
			<xmin>1011</xmin>
			<ymin>815</ymin>
			<xmax>1036</xmax>
			<ymax>839</ymax>
		</bndbox>
	</object>
	<object>
		<name>seed</name>
		<pose>Unspecified</pose>
		<truncated>0</truncated>
		<difficult>0</difficult>
		<bndbox>
			<xmin>738</xmin>
			<ymin>1300</ymin>
			<xmax>763</xmax>
			<ymax>1324</ymax>
		</bndbox>
	</object>
	<object>
		<name>seed</name>
		<pose>Unspecified</pose>
		<truncated>0</truncated>
		<difficult>0</difficult>
		<bndbox>
			<xmin>1154</xmin>
			<ymin>900</ymin>
			<xmax>1178</xmax>
			<ymax>924</ymax>
		</bndbox>
	</object>
	<object>
		<name>seed</name>
		<pose>Unspecified</pose>
		<truncated>0</truncated>
		<difficult>0</difficult>
		<bndbox>
			<xmin>1241</xmin>
			<ymin>1298</ymin>
			<xmax>1266</xmax>
			<ymax>1321</ymax>
		</bndbox>
	</object>
	<object>
		<name>seed</name>
		<pose>Unspecified</pose>
		<truncated>0</truncated>
		<difficult>0</difficult>
		<bndbox>
			<xmin>1133</xmin>
			<ymin>881</ymin>
			<xmax>1157</xmax>
			<ymax>901</ymax>
		</bndbox>
	</object>
	<object>
		<name>seed</name>
		<pose>Unspecified</pose>
		<truncated>0</truncated>
		<difficult>0</difficult>
		<bndbox>
			<xmin>866</xmin>
			<ymin>978</ymin>
			<xmax>890</xmax>
			<ymax>1002</ymax>
		</bndbox>
	</object>
	<object>
		<name>seed</name>
		<pose>Unspecified</pose>
		<truncated>0</truncated>
		<difficult>0</difficult>
		<bndbox>
			<xmin>1386</xmin>
			<ymin>613</ymin>
			<xmax>1413</xmax>
			<ymax>639</ymax>
		</bndbox>
	</object>
	<object>
		<name>seed</name>
		<pose>Unspecified</pose>
		<truncated>0</truncated>
		<difficult>0</difficult>
		<bndbox>
			<xmin>915</xmin>
			<ymin>1135</ymin>
			<xmax>939</xmax>
			<ymax>1157</ymax>
		</bndbox>
	</object>
	<object>
		<name>seed</name>
		<pose>Unspecified</pose>
		<truncated>0</truncated>
		<difficult>0</difficult>
		<bndbox>
			<xmin>889</xmin>
			<ymin>691</ymin>
			<xmax>913</xmax>
			<ymax>715</ymax>
		</bndbox>
	</object>
	<object>
		<name>seed</name>
		<pose>Unspecified</pose>
		<truncated>0</truncated>
		<difficult>0</difficult>
		<bndbox>
			<xmin>1154</xmin>
			<ymin>807</ymin>
			<xmax>1178</xmax>
			<ymax>829</ymax>
		</bndbox>
	</object>
	<object>
		<name>seed</name>
		<pose>Unspecified</pose>
		<truncated>0</truncated>
		<difficult>0</difficult>
		<bndbox>
			<xmin>976</xmin>
			<ymin>1190</ymin>
			<xmax>1001</xmax>
			<ymax>1214</ymax>
		</bndbox>
	</object>
	<object>
		<name>seed</name>
		<pose>Unspecified</pose>
		<truncated>0</truncated>
		<difficult>0</difficult>
		<bndbox>
			<xmin>1341</xmin>
			<ymin>775</ymin>
			<xmax>1368</xmax>
			<ymax>798</ymax>
		</bndbox>
	</object>
	<object>
		<name>seed</name>
		<pose>Unspecified</pose>
		<truncated>0</truncated>
		<difficult>0</difficult>
		<bndbox>
			<xmin>1167</xmin>
			<ymin>925</ymin>
			<xmax>1190</xmax>
			<ymax>947</ymax>
		</bndbox>
	</object>
	<object>
		<name>seed</name>
		<pose>Unspecified</pose>
		<truncated>0</truncated>
		<difficult>0</difficult>
		<bndbox>
			<xmin>1076</xmin>
			<ymin>1375</ymin>
			<xmax>1099</xmax>
			<ymax>1399</ymax>
		</bndbox>
	</object>
	<object>
		<name>seed</name>
		<pose>Unspecified</pose>
		<truncated>0</truncated>
		<difficult>0</difficult>
		<bndbox>
			<xmin>1044</xmin>
			<ymin>1287</ymin>
			<xmax>1069</xmax>
			<ymax>1310</ymax>
		</bndbox>
	</object>
	<object>
		<name>seed</name>
		<pose>Unspecified</pose>
		<truncated>0</truncated>
		<difficult>0</difficult>
		<bndbox>
			<xmin>992</xmin>
			<ymin>1011</ymin>
			<xmax>1017</xmax>
			<ymax>1036</ymax>
		</bndbox>
	</object>
	<object>
		<name>seed</name>
		<pose>Unspecified</pose>
		<truncated>0</truncated>
		<difficult>0</difficult>
		<bndbox>
			<xmin>1233</xmin>
			<ymin>767</ymin>
			<xmax>1258</xmax>
			<ymax>791</ymax>
		</bndbox>
	</object>
	<object>
		<name>seed</name>
		<pose>Unspecified</pose>
		<truncated>0</truncated>
		<difficult>0</difficult>
		<bndbox>
			<xmin>1308</xmin>
			<ymin>572</ymin>
			<xmax>1331</xmax>
			<ymax>594</ymax>
		</bndbox>
	</object>
	<object>
		<name>seed</name>
		<pose>Unspecified</pose>
		<truncated>0</truncated>
		<difficult>0</difficult>
		<bndbox>
			<xmin>1243</xmin>
			<ymin>476</ymin>
			<xmax>1271</xmax>
			<ymax>502</ymax>
		</bndbox>
	</object>
	<object>
		<name>seed</name>
		<pose>Unspecified</pose>
		<truncated>0</truncated>
		<difficult>0</difficult>
		<bndbox>
			<xmin>900</xmin>
			<ymin>874</ymin>
			<xmax>926</xmax>
			<ymax>899</ymax>
		</bndbox>
	</object>
	<object>
		<name>seed</name>
		<pose>Unspecified</pose>
		<truncated>0</truncated>
		<difficult>0</difficult>
		<bndbox>
			<xmin>978</xmin>
			<ymin>949</ymin>
			<xmax>1002</xmax>
			<ymax>972</ymax>
		</bndbox>
	</object>
	<object>
		<name>seed</name>
		<pose>Unspecified</pose>
		<truncated>0</truncated>
		<difficult>0</difficult>
		<bndbox>
			<xmin>1246</xmin>
			<ymin>846</ymin>
			<xmax>1270</xmax>
			<ymax>870</ymax>
		</bndbox>
	</object>
	<object>
		<name>seed</name>
		<pose>Unspecified</pose>
		<truncated>0</truncated>
		<difficult>0</difficult>
		<bndbox>
			<xmin>1241</xmin>
			<ymin>1337</ymin>
			<xmax>1266</xmax>
			<ymax>1361</ymax>
		</bndbox>
	</object>
	<object>
		<name>seed</name>
		<pose>Unspecified</pose>
		<truncated>0</truncated>
		<difficult>0</difficult>
		<bndbox>
			<xmin>1056</xmin>
			<ymin>514</ymin>
			<xmax>1080</xmax>
			<ymax>536</ymax>
		</bndbox>
	</object>
	<object>
		<name>seed</name>
		<pose>Unspecified</pose>
		<truncated>0</truncated>
		<difficult>0</difficult>
		<bndbox>
			<xmin>1333</xmin>
			<ymin>683</ymin>
			<xmax>1356</xmax>
			<ymax>704</ymax>
		</bndbox>
	</object>
	<object>
		<name>seed</name>
		<pose>Unspecified</pose>
		<truncated>0</truncated>
		<difficult>0</difficult>
		<bndbox>
			<xmin>846</xmin>
			<ymin>1276</ymin>
			<xmax>871</xmax>
			<ymax>1299</ymax>
		</bndbox>
	</object>
	<object>
		<name>seed</name>
		<pose>Unspecified</pose>
		<truncated>0</truncated>
		<difficult>0</difficult>
		<bndbox>
			<xmin>901</xmin>
			<ymin>1197</ymin>
			<xmax>926</xmax>
			<ymax>1220</ymax>
		</bndbox>
	</object>
	<object>
		<name>seed</name>
		<pose>Unspecified</pose>
		<truncated>0</truncated>
		<difficult>0</difficult>
		<bndbox>
			<xmin>1368</xmin>
			<ymin>1119</ymin>
			<xmax>1394</xmax>
			<ymax>1141</ymax>
		</bndbox>
	</object>
	<object>
		<name>seed</name>
		<pose>Unspecified</pose>
		<truncated>0</truncated>
		<difficult>0</difficult>
		<bndbox>
			<xmin>964</xmin>
			<ymin>884</ymin>
			<xmax>990</xmax>
			<ymax>909</ymax>
		</bndbox>
	</object>
	<object>
		<name>seed</name>
		<pose>Unspecified</pose>
		<truncated>0</truncated>
		<difficult>0</difficult>
		<bndbox>
			<xmin>1334</xmin>
			<ymin>411</ymin>
			<xmax>1360</xmax>
			<ymax>436</ymax>
		</bndbox>
	</object>
	<object>
		<name>seed</name>
		<pose>Unspecified</pose>
		<truncated>0</truncated>
		<difficult>0</difficult>
		<bndbox>
			<xmin>1108</xmin>
			<ymin>750</ymin>
			<xmax>1133</xmax>
			<ymax>774</ymax>
		</bndbox>
	</object>
	<object>
		<name>seed</name>
		<pose>Unspecified</pose>
		<truncated>0</truncated>
		<difficult>0</difficult>
		<bndbox>
			<xmin>1365</xmin>
			<ymin>546</ymin>
			<xmax>1390</xmax>
			<ymax>570</ymax>
		</bndbox>
	</object>
	<object>
		<name>seed</name>
		<pose>Unspecified</pose>
		<truncated>0</truncated>
		<difficult>0</difficult>
		<bndbox>
			<xmin>868</xmin>
			<ymin>1103</ymin>
			<xmax>894</xmax>
			<ymax>1127</ymax>
		</bndbox>
	</object>
	<object>
		<name>seed</name>
		<pose>Unspecified</pose>
		<truncated>0</truncated>
		<difficult>0</difficult>
		<bndbox>
			<xmin>1241</xmin>
			<ymin>797</ymin>
			<xmax>1265</xmax>
			<ymax>819</ymax>
		</bndbox>
	</object>
	<object>
		<name>seed</name>
		<pose>Unspecified</pose>
		<truncated>0</truncated>
		<difficult>0</difficult>
		<bndbox>
			<xmin>1424</xmin>
			<ymin>1046</ymin>
			<xmax>1447</xmax>
			<ymax>1068</ymax>
		</bndbox>
	</object>
	<object>
		<name>seed</name>
		<pose>Unspecified</pose>
		<truncated>0</truncated>
		<difficult>0</difficult>
		<bndbox>
			<xmin>960</xmin>
			<ymin>752</ymin>
			<xmax>985</xmax>
			<ymax>775</ymax>
		</bndbox>
	</object>
	<object>
		<name>seed</name>
		<pose>Unspecified</pose>
		<truncated>0</truncated>
		<difficult>0</difficult>
		<bndbox>
			<xmin>1119</xmin>
			<ymin>443</ymin>
			<xmax>1145</xmax>
			<ymax>464</ymax>
		</bndbox>
	</object>
	<object>
		<name>seed</name>
		<pose>Unspecified</pose>
		<truncated>0</truncated>
		<difficult>0</difficult>
		<bndbox>
			<xmin>1227</xmin>
			<ymin>816</ymin>
			<xmax>1252</xmax>
			<ymax>837</ymax>
		</bndbox>
	</object>
	<object>
		<name>seed</name>
		<pose>Unspecified</pose>
		<truncated>0</truncated>
		<difficult>0</difficult>
		<bndbox>
			<xmin>1375</xmin>
			<ymin>1080</ymin>
			<xmax>1400</xmax>
			<ymax>1104</ymax>
		</bndbox>
	</object>
	<object>
		<name>seed</name>
		<pose>Unspecified</pose>
		<truncated>0</truncated>
		<difficult>0</difficult>
		<bndbox>
			<xmin>1105</xmin>
			<ymin>1326</ymin>
			<xmax>1130</xmax>
			<ymax>1349</ymax>
		</bndbox>
	</object>
	<object>
		<name>seed</name>
		<pose>Unspecified</pose>
		<truncated>0</truncated>
		<difficult>0</difficult>
		<bndbox>
			<xmin>702</xmin>
			<ymin>1381</ymin>
			<xmax>728</xmax>
			<ymax>1404</ymax>
		</bndbox>
	</object>
	<object>
		<name>seed</name>
		<pose>Unspecified</pose>
		<truncated>0</truncated>
		<difficult>0</difficult>
		<bndbox>
			<xmin>1385</xmin>
			<ymin>936</ymin>
			<xmax>1410</xmax>
			<ymax>959</ymax>
		</bndbox>
	</object>
	<object>
		<name>seed</name>
		<pose>Unspecified</pose>
		<truncated>0</truncated>
		<difficult>0</difficult>
		<bndbox>
			<xmin>1003</xmin>
			<ymin>1184</ymin>
			<xmax>1028</xmax>
			<ymax>1208</ymax>
		</bndbox>
	</object>
	<object>
		<name>seed</name>
		<pose>Unspecified</pose>
		<truncated>0</truncated>
		<difficult>0</difficult>
		<bndbox>
			<xmin>1070</xmin>
			<ymin>736</ymin>
			<xmax>1095</xmax>
			<ymax>760</ymax>
		</bndbox>
	</object>
	<object>
		<name>seed</name>
		<pose>Unspecified</pose>
		<truncated>0</truncated>
		<difficult>0</difficult>
		<bndbox>
			<xmin>1122</xmin>
			<ymin>1067</ymin>
			<xmax>1147</xmax>
			<ymax>1091</ymax>
		</bndbox>
	</object>
	<object>
		<name>seed</name>
		<pose>Unspecified</pose>
		<truncated>0</truncated>
		<difficult>0</difficult>
		<bndbox>
			<xmin>836</xmin>
			<ymin>1232</ymin>
			<xmax>861</xmax>
			<ymax>1255</ymax>
		</bndbox>
	</object>
	<object>
		<name>seed</name>
		<pose>Unspecified</pose>
		<truncated>0</truncated>
		<difficult>0</difficult>
		<bndbox>
			<xmin>1033</xmin>
			<ymin>973</ymin>
			<xmax>1058</xmax>
			<ymax>997</ymax>
		</bndbox>
	</object>
	<object>
		<name>seed</name>
		<pose>Unspecified</pose>
		<truncated>0</truncated>
		<difficult>0</difficult>
		<bndbox>
			<xmin>1395</xmin>
			<ymin>415</ymin>
			<xmax>1420</xmax>
			<ymax>440</ymax>
		</bndbox>
	</object>
	<object>
		<name>seed</name>
		<pose>Unspecified</pose>
		<truncated>0</truncated>
		<difficult>0</difficult>
		<bndbox>
			<xmin>1157</xmin>
			<ymin>446</ymin>
			<xmax>1182</xmax>
			<ymax>470</ymax>
		</bndbox>
	</object>
	<object>
		<name>seed</name>
		<pose>Unspecified</pose>
		<truncated>0</truncated>
		<difficult>0</difficult>
		<bndbox>
			<xmin>1056</xmin>
			<ymin>827</ymin>
			<xmax>1081</xmax>
			<ymax>850</ymax>
		</bndbox>
	</object>
	<object>
		<name>seed</name>
		<pose>Unspecified</pose>
		<truncated>0</truncated>
		<difficult>0</difficult>
		<bndbox>
			<xmin>730</xmin>
			<ymin>1199</ymin>
			<xmax>757</xmax>
			<ymax>1224</ymax>
		</bndbox>
	</object>
	<object>
		<name>seed</name>
		<pose>Unspecified</pose>
		<truncated>0</truncated>
		<difficult>0</difficult>
		<bndbox>
			<xmin>1265</xmin>
			<ymin>813</ymin>
			<xmax>1290</xmax>
			<ymax>838</ymax>
		</bndbox>
	</object>
	<object>
		<name>seed</name>
		<pose>Unspecified</pose>
		<truncated>0</truncated>
		<difficult>0</difficult>
		<bndbox>
			<xmin>1126</xmin>
			<ymin>649</ymin>
			<xmax>1152</xmax>
			<ymax>669</ymax>
		</bndbox>
	</object>
	<object>
		<name>seed</name>
		<pose>Unspecified</pose>
		<truncated>0</truncated>
		<difficult>0</difficult>
		<bndbox>
			<xmin>1200</xmin>
			<ymin>466</ymin>
			<xmax>1224</xmax>
			<ymax>489</ymax>
		</bndbox>
	</object>
	<object>
		<name>seed</name>
		<pose>Unspecified</pose>
		<truncated>0</truncated>
		<difficult>0</difficult>
		<bndbox>
			<xmin>922</xmin>
			<ymin>690</ymin>
			<xmax>947</xmax>
			<ymax>714</ymax>
		</bndbox>
	</object>
	<object>
		<name>seed</name>
		<pose>Unspecified</pose>
		<truncated>0</truncated>
		<difficult>0</difficult>
		<bndbox>
			<xmin>1121</xmin>
			<ymin>599</ymin>
			<xmax>1145</xmax>
			<ymax>619</ymax>
		</bndbox>
	</object>
	<object>
		<name>seed</name>
		<pose>Unspecified</pose>
		<truncated>0</truncated>
		<difficult>0</difficult>
		<bndbox>
			<xmin>1029</xmin>
			<ymin>832</ymin>
			<xmax>1052</xmax>
			<ymax>856</ymax>
		</bndbox>
	</object>
	<object>
		<name>seed</name>
		<pose>Unspecified</pose>
		<truncated>0</truncated>
		<difficult>0</difficult>
		<bndbox>
			<xmin>1147</xmin>
			<ymin>568</ymin>
			<xmax>1172</xmax>
			<ymax>591</ymax>
		</bndbox>
	</object>
	<object>
		<name>seed</name>
		<pose>Unspecified</pose>
		<truncated>0</truncated>
		<difficult>0</difficult>
		<bndbox>
			<xmin>1042</xmin>
			<ymin>811</ymin>
			<xmax>1064</xmax>
			<ymax>832</ymax>
		</bndbox>
	</object>
	<object>
		<name>seed</name>
		<pose>Unspecified</pose>
		<truncated>0</truncated>
		<difficult>0</difficult>
		<bndbox>
			<xmin>1239</xmin>
			<ymin>917</ymin>
			<xmax>1263</xmax>
			<ymax>939</ymax>
		</bndbox>
	</object>
	<object>
		<name>seed</name>
		<pose>Unspecified</pose>
		<truncated>0</truncated>
		<difficult>0</difficult>
		<bndbox>
			<xmin>1089</xmin>
			<ymin>797</ymin>
			<xmax>1116</xmax>
			<ymax>824</ymax>
		</bndbox>
	</object>
	<object>
		<name>seed</name>
		<pose>Unspecified</pose>
		<truncated>0</truncated>
		<difficult>0</difficult>
		<bndbox>
			<xmin>1247</xmin>
			<ymin>538</ymin>
			<xmax>1272</xmax>
			<ymax>561</ymax>
		</bndbox>
	</object>
	<object>
		<name>seed</name>
		<pose>Unspecified</pose>
		<truncated>0</truncated>
		<difficult>0</difficult>
		<bndbox>
			<xmin>1372</xmin>
			<ymin>802</ymin>
			<xmax>1397</xmax>
			<ymax>827</ymax>
		</bndbox>
	</object>
	<object>
		<name>seed</name>
		<pose>Unspecified</pose>
		<truncated>0</truncated>
		<difficult>0</difficult>
		<bndbox>
			<xmin>1139</xmin>
			<ymin>512</ymin>
			<xmax>1163</xmax>
			<ymax>536</ymax>
		</bndbox>
	</object>
	<object>
		<name>seed</name>
		<pose>Unspecified</pose>
		<truncated>0</truncated>
		<difficult>0</difficult>
		<bndbox>
			<xmin>954</xmin>
			<ymin>1139</ymin>
			<xmax>980</xmax>
			<ymax>1163</ymax>
		</bndbox>
	</object>
	<object>
		<name>seed</name>
		<pose>Unspecified</pose>
		<truncated>0</truncated>
		<difficult>0</difficult>
		<bndbox>
			<xmin>1027</xmin>
			<ymin>1359</ymin>
			<xmax>1053</xmax>
			<ymax>1385</ymax>
		</bndbox>
	</object>
	<object>
		<name>seed</name>
		<pose>Unspecified</pose>
		<truncated>0</truncated>
		<difficult>0</difficult>
		<bndbox>
			<xmin>1273</xmin>
			<ymin>710</ymin>
			<xmax>1297</xmax>
			<ymax>733</ymax>
		</bndbox>
	</object>
	<object>
		<name>seed</name>
		<pose>Unspecified</pose>
		<truncated>0</truncated>
		<difficult>0</difficult>
		<bndbox>
			<xmin>1119</xmin>
			<ymin>673</ymin>
			<xmax>1144</xmax>
			<ymax>697</ymax>
		</bndbox>
	</object>
	<object>
		<name>seed</name>
		<pose>Unspecified</pose>
		<truncated>0</truncated>
		<difficult>0</difficult>
		<bndbox>
			<xmin>850</xmin>
			<ymin>1150</ymin>
			<xmax>876</xmax>
			<ymax>1174</ymax>
		</bndbox>
	</object>
	<object>
		<name>seed</name>
		<pose>Unspecified</pose>
		<truncated>0</truncated>
		<difficult>0</difficult>
		<bndbox>
			<xmin>1055</xmin>
			<ymin>1382</ymin>
			<xmax>1080</xmax>
			<ymax>1405</ymax>
		</bndbox>
	</object>
	<object>
		<name>seed</name>
		<pose>Unspecified</pose>
		<truncated>0</truncated>
		<difficult>0</difficult>
		<bndbox>
			<xmin>1330</xmin>
			<ymin>869</ymin>
			<xmax>1353</xmax>
			<ymax>892</ymax>
		</bndbox>
	</object>
	<object>
		<name>seed</name>
		<pose>Unspecified</pose>
		<truncated>0</truncated>
		<difficult>0</difficult>
		<bndbox>
			<xmin>1348</xmin>
			<ymin>1207</ymin>
			<xmax>1374</xmax>
			<ymax>1230</ymax>
		</bndbox>
	</object>
	<object>
		<name>seed</name>
		<pose>Unspecified</pose>
		<truncated>0</truncated>
		<difficult>0</difficult>
		<bndbox>
			<xmin>1181</xmin>
			<ymin>765</ymin>
			<xmax>1205</xmax>
			<ymax>788</ymax>
		</bndbox>
	</object>
	<object>
		<name>seed</name>
		<pose>Unspecified</pose>
		<truncated>0</truncated>
		<difficult>0</difficult>
		<bndbox>
			<xmin>1003</xmin>
			<ymin>1134</ymin>
			<xmax>1027</xmax>
			<ymax>1159</ymax>
		</bndbox>
	</object>
	<object>
		<name>seed</name>
		<pose>Unspecified</pose>
		<truncated>0</truncated>
		<difficult>0</difficult>
		<bndbox>
			<xmin>946</xmin>
			<ymin>794</ymin>
			<xmax>971</xmax>
			<ymax>817</ymax>
		</bndbox>
	</object>
	<object>
		<name>seed</name>
		<pose>Unspecified</pose>
		<truncated>0</truncated>
		<difficult>0</difficult>
		<bndbox>
			<xmin>1396</xmin>
			<ymin>372</ymin>
			<xmax>1420</xmax>
			<ymax>395</ymax>
		</bndbox>
	</object>
	<object>
		<name>seed</name>
		<pose>Unspecified</pose>
		<truncated>0</truncated>
		<difficult>0</difficult>
		<bndbox>
			<xmin>1259</xmin>
			<ymin>875</ymin>
			<xmax>1282</xmax>
			<ymax>898</ymax>
		</bndbox>
	</object>
	<object>
		<name>seed</name>
		<pose>Unspecified</pose>
		<truncated>0</truncated>
		<difficult>0</difficult>
		<bndbox>
			<xmin>1094</xmin>
			<ymin>463</ymin>
			<xmax>1120</xmax>
			<ymax>486</ymax>
		</bndbox>
	</object>
	<object>
		<name>seed</name>
		<pose>Unspecified</pose>
		<truncated>0</truncated>
		<difficult>0</difficult>
		<bndbox>
			<xmin>1166</xmin>
			<ymin>1408</ymin>
			<xmax>1192</xmax>
			<ymax>1433</ymax>
		</bndbox>
	</object>
	<object>
		<name>seed</name>
		<pose>Unspecified</pose>
		<truncated>0</truncated>
		<difficult>0</difficult>
		<bndbox>
			<xmin>1128</xmin>
			<ymin>391</ymin>
			<xmax>1152</xmax>
			<ymax>414</ymax>
		</bndbox>
	</object>
	<object>
		<name>seed</name>
		<pose>Unspecified</pose>
		<truncated>0</truncated>
		<difficult>0</difficult>
		<bndbox>
			<xmin>1070</xmin>
			<ymin>1013</ymin>
			<xmax>1094</xmax>
			<ymax>1037</ymax>
		</bndbox>
	</object>
	<object>
		<name>seed</name>
		<pose>Unspecified</pose>
		<truncated>0</truncated>
		<difficult>0</difficult>
		<bndbox>
			<xmin>929</xmin>
			<ymin>748</ymin>
			<xmax>954</xmax>
			<ymax>773</ymax>
		</bndbox>
	</object>
	<object>
		<name>seed</name>
		<pose>Unspecified</pose>
		<truncated>0</truncated>
		<difficult>0</difficult>
		<bndbox>
			<xmin>1369</xmin>
			<ymin>723</ymin>
			<xmax>1393</xmax>
			<ymax>746</ymax>
		</bndbox>
	</object>
	<object>
		<name>seed</name>
		<pose>Unspecified</pose>
		<truncated>0</truncated>
		<difficult>0</difficult>
		<bndbox>
			<xmin>1201</xmin>
			<ymin>931</ymin>
			<xmax>1224</xmax>
			<ymax>953</ymax>
		</bndbox>
	</object>
	<object>
		<name>seed</name>
		<pose>Unspecified</pose>
		<truncated>0</truncated>
		<difficult>0</difficult>
		<bndbox>
			<xmin>1170</xmin>
			<ymin>602</ymin>
			<xmax>1194</xmax>
			<ymax>626</ymax>
		</bndbox>
	</object>
	<object>
		<name>seed</name>
		<pose>Unspecified</pose>
		<truncated>0</truncated>
		<difficult>0</difficult>
		<bndbox>
			<xmin>1146</xmin>
			<ymin>846</ymin>
			<xmax>1169</xmax>
			<ymax>870</ymax>
		</bndbox>
	</object>
	<object>
		<name>seed</name>
		<pose>Unspecified</pose>
		<truncated>0</truncated>
		<difficult>0</difficult>
		<bndbox>
			<xmin>1073</xmin>
			<ymin>565</ymin>
			<xmax>1097</xmax>
			<ymax>587</ymax>
		</bndbox>
	</object>
	<object>
		<name>seed</name>
		<pose>Unspecified</pose>
		<truncated>0</truncated>
		<difficult>0</difficult>
		<bndbox>
			<xmin>1123</xmin>
			<ymin>986</ymin>
			<xmax>1149</xmax>
			<ymax>1010</ymax>
		</bndbox>
	</object>
	<object>
		<name>seed</name>
		<pose>Unspecified</pose>
		<truncated>0</truncated>
		<difficult>0</difficult>
		<bndbox>
			<xmin>1092</xmin>
			<ymin>1011</ymin>
			<xmax>1116</xmax>
			<ymax>1035</ymax>
		</bndbox>
	</object>
	<object>
		<name>seed</name>
		<pose>Unspecified</pose>
		<truncated>0</truncated>
		<difficult>0</difficult>
		<bndbox>
			<xmin>1020</xmin>
			<ymin>562</ymin>
			<xmax>1045</xmax>
			<ymax>586</ymax>
		</bndbox>
	</object>
	<object>
		<name>seed</name>
		<pose>Unspecified</pose>
		<truncated>0</truncated>
		<difficult>0</difficult>
		<bndbox>
			<xmin>1027</xmin>
			<ymin>792</ymin>
			<xmax>1051</xmax>
			<ymax>812</ymax>
		</bndbox>
	</object>
	<object>
		<name>seed</name>
		<pose>Unspecified</pose>
		<truncated>0</truncated>
		<difficult>0</difficult>
		<bndbox>
			<xmin>1114</xmin>
			<ymin>410</ymin>
			<xmax>1138</xmax>
			<ymax>431</ymax>
		</bndbox>
	</object>
	<object>
		<name>seed</name>
		<pose>Unspecified</pose>
		<truncated>0</truncated>
		<difficult>0</difficult>
		<bndbox>
			<xmin>1099</xmin>
			<ymin>1168</ymin>
			<xmax>1123</xmax>
			<ymax>1191</ymax>
		</bndbox>
	</object>
	<object>
		<name>seed</name>
		<pose>Unspecified</pose>
		<truncated>0</truncated>
		<difficult>0</difficult>
		<bndbox>
			<xmin>1391</xmin>
			<ymin>1010</ymin>
			<xmax>1414</xmax>
			<ymax>1032</ymax>
		</bndbox>
	</object>
	<object>
		<name>seed</name>
		<pose>Unspecified</pose>
		<truncated>0</truncated>
		<difficult>0</difficult>
		<bndbox>
			<xmin>1183</xmin>
			<ymin>371</ymin>
			<xmax>1210</xmax>
			<ymax>397</ymax>
		</bndbox>
	</object>
	<object>
		<name>seed</name>
		<pose>Unspecified</pose>
		<truncated>0</truncated>
		<difficult>0</difficult>
		<bndbox>
			<xmin>1197</xmin>
			<ymin>715</ymin>
			<xmax>1223</xmax>
			<ymax>739</ymax>
		</bndbox>
	</object>
	<object>
		<name>seed</name>
		<pose>Unspecified</pose>
		<truncated>0</truncated>
		<difficult>0</difficult>
		<bndbox>
			<xmin>850</xmin>
			<ymin>1020</ymin>
			<xmax>875</xmax>
			<ymax>1043</ymax>
		</bndbox>
	</object>
	<object>
		<name>seed</name>
		<pose>Unspecified</pose>
		<truncated>0</truncated>
		<difficult>0</difficult>
		<bndbox>
			<xmin>1417</xmin>
			<ymin>611</ymin>
			<xmax>1441</xmax>
			<ymax>636</ymax>
		</bndbox>
	</object>
	<object>
		<name>seed</name>
		<pose>Unspecified</pose>
		<truncated>0</truncated>
		<difficult>0</difficult>
		<bndbox>
			<xmin>1422</xmin>
			<ymin>1162</ymin>
			<xmax>1446</xmax>
			<ymax>1184</ymax>
		</bndbox>
	</object>
	<object>
		<name>seed</name>
		<pose>Unspecified</pose>
		<truncated>0</truncated>
		<difficult>0</difficult>
		<bndbox>
			<xmin>1182</xmin>
			<ymin>1156</ymin>
			<xmax>1207</xmax>
			<ymax>1181</ymax>
		</bndbox>
	</object>
	<object>
		<name>seed</name>
		<pose>Unspecified</pose>
		<truncated>0</truncated>
		<difficult>0</difficult>
		<bndbox>
			<xmin>1336</xmin>
			<ymin>656</ymin>
			<xmax>1360</xmax>
			<ymax>679</ymax>
		</bndbox>
	</object>
	<object>
		<name>seed</name>
		<pose>Unspecified</pose>
		<truncated>0</truncated>
		<difficult>0</difficult>
		<bndbox>
			<xmin>1269</xmin>
			<ymin>1075</ymin>
			<xmax>1294</xmax>
			<ymax>1098</ymax>
		</bndbox>
	</object>
	<object>
		<name>seed</name>
		<pose>Unspecified</pose>
		<truncated>0</truncated>
		<difficult>0</difficult>
		<bndbox>
			<xmin>1245</xmin>
			<ymin>357</ymin>
			<xmax>1268</xmax>
			<ymax>380</ymax>
		</bndbox>
	</object>
	<object>
		<name>seed</name>
		<pose>Unspecified</pose>
		<truncated>0</truncated>
		<difficult>0</difficult>
		<bndbox>
			<xmin>1351</xmin>
			<ymin>848</ymin>
			<xmax>1377</xmax>
			<ymax>869</ymax>
		</bndbox>
	</object>
	<object>
		<name>seed</name>
		<pose>Unspecified</pose>
		<truncated>0</truncated>
		<difficult>0</difficult>
		<bndbox>
			<xmin>1272</xmin>
			<ymin>955</ymin>
			<xmax>1293</xmax>
			<ymax>978</ymax>
		</bndbox>
	</object>
	<object>
		<name>seed</name>
		<pose>Unspecified</pose>
		<truncated>0</truncated>
		<difficult>0</difficult>
		<bndbox>
			<xmin>1120</xmin>
			<ymin>567</ymin>
			<xmax>1146</xmax>
			<ymax>594</ymax>
		</bndbox>
	</object>
	<object>
		<name>seed</name>
		<pose>Unspecified</pose>
		<truncated>0</truncated>
		<difficult>0</difficult>
		<bndbox>
			<xmin>1267</xmin>
			<ymin>850</ymin>
			<xmax>1285</xmax>
			<ymax>876</ymax>
		</bndbox>
	</object>
	<object>
		<name>seed</name>
		<pose>Unspecified</pose>
		<truncated>0</truncated>
		<difficult>0</difficult>
		<bndbox>
			<xmin>1216</xmin>
			<ymin>1371</ymin>
			<xmax>1242</xmax>
			<ymax>1396</ymax>
		</bndbox>
	</object>
	<object>
		<name>seed</name>
		<pose>Unspecified</pose>
		<truncated>0</truncated>
		<difficult>0</difficult>
		<bndbox>
			<xmin>1221</xmin>
			<ymin>1403</ymin>
			<xmax>1247</xmax>
			<ymax>1427</ymax>
		</bndbox>
	</object>
	<object>
		<name>seed</name>
		<pose>Unspecified</pose>
		<truncated>0</truncated>
		<difficult>0</difficult>
		<bndbox>
			<xmin>1173</xmin>
			<ymin>947</ymin>
			<xmax>1196</xmax>
			<ymax>970</ymax>
		</bndbox>
	</object>
	<object>
		<name>seed</name>
		<pose>Unspecified</pose>
		<truncated>0</truncated>
		<difficult>0</difficult>
		<bndbox>
			<xmin>1370</xmin>
			<ymin>416</ymin>
			<xmax>1395</xmax>
			<ymax>442</ymax>
		</bndbox>
	</object>
	<object>
		<name>seed</name>
		<pose>Unspecified</pose>
		<truncated>0</truncated>
		<difficult>0</difficult>
		<bndbox>
			<xmin>1361</xmin>
			<ymin>898</ymin>
			<xmax>1385</xmax>
			<ymax>918</ymax>
		</bndbox>
	</object>
	<object>
		<name>seed</name>
		<pose>Unspecified</pose>
		<truncated>0</truncated>
		<difficult>0</difficult>
		<bndbox>
			<xmin>1235</xmin>
			<ymin>976</ymin>
			<xmax>1260</xmax>
			<ymax>998</ymax>
		</bndbox>
	</object>
	<object>
		<name>seed</name>
		<pose>Unspecified</pose>
		<truncated>0</truncated>
		<difficult>0</difficult>
		<bndbox>
			<xmin>1125</xmin>
			<ymin>1185</ymin>
			<xmax>1150</xmax>
			<ymax>1210</ymax>
		</bndbox>
	</object>
	<object>
		<name>seed</name>
		<pose>Unspecified</pose>
		<truncated>0</truncated>
		<difficult>0</difficult>
		<bndbox>
			<xmin>1250</xmin>
			<ymin>611</ymin>
			<xmax>1275</xmax>
			<ymax>636</ymax>
		</bndbox>
	</object>
	<object>
		<name>seed</name>
		<pose>Unspecified</pose>
		<truncated>0</truncated>
		<difficult>0</difficult>
		<bndbox>
			<xmin>1005</xmin>
			<ymin>528</ymin>
			<xmax>1030</xmax>
			<ymax>550</ymax>
		</bndbox>
	</object>
	<object>
		<name>seed</name>
		<pose>Unspecified</pose>
		<truncated>0</truncated>
		<difficult>0</difficult>
		<bndbox>
			<xmin>1276</xmin>
			<ymin>748</ymin>
			<xmax>1296</xmax>
			<ymax>769</ymax>
		</bndbox>
	</object>
	<object>
		<name>seed</name>
		<pose>Unspecified</pose>
		<truncated>0</truncated>
		<difficult>0</difficult>
		<bndbox>
			<xmin>1300</xmin>
			<ymin>930</ymin>
			<xmax>1323</xmax>
			<ymax>953</ymax>
		</bndbox>
	</object>
	<object>
		<name>seed</name>
		<pose>Unspecified</pose>
		<truncated>0</truncated>
		<difficult>0</difficult>
		<bndbox>
			<xmin>588</xmin>
			<ymin>1161</ymin>
			<xmax>613</xmax>
			<ymax>1185</ymax>
		</bndbox>
	</object>
	<object>
		<name>seed</name>
		<pose>Unspecified</pose>
		<truncated>0</truncated>
		<difficult>0</difficult>
		<bndbox>
			<xmin>1251</xmin>
			<ymin>959</ymin>
			<xmax>1273</xmax>
			<ymax>983</ymax>
		</bndbox>
	</object>
	<object>
		<name>seed</name>
		<pose>Unspecified</pose>
		<truncated>0</truncated>
		<difficult>0</difficult>
		<bndbox>
			<xmin>1091</xmin>
			<ymin>363</ymin>
			<xmax>1116</xmax>
			<ymax>385</ymax>
		</bndbox>
	</object>
	<object>
		<name>seed</name>
		<pose>Unspecified</pose>
		<truncated>0</truncated>
		<difficult>0</difficult>
		<bndbox>
			<xmin>1034</xmin>
			<ymin>1237</ymin>
			<xmax>1057</xmax>
			<ymax>1259</ymax>
		</bndbox>
	</object>
	<object>
		<name>seed</name>
		<pose>Unspecified</pose>
		<truncated>0</truncated>
		<difficult>0</difficult>
		<bndbox>
			<xmin>1257</xmin>
			<ymin>632</ymin>
			<xmax>1283</xmax>
			<ymax>652</ymax>
		</bndbox>
	</object>
	<object>
		<name>seed</name>
		<pose>Unspecified</pose>
		<truncated>0</truncated>
		<difficult>0</difficult>
		<bndbox>
			<xmin>1203</xmin>
			<ymin>883</ymin>
			<xmax>1229</xmax>
			<ymax>904</ymax>
		</bndbox>
	</object>
	<object>
		<name>seed</name>
		<pose>Unspecified</pose>
		<truncated>0</truncated>
		<difficult>0</difficult>
		<bndbox>
			<xmin>1098</xmin>
			<ymin>861</ymin>
			<xmax>1123</xmax>
			<ymax>883</ymax>
		</bndbox>
	</object>
	<object>
		<name>seed</name>
		<pose>Unspecified</pose>
		<truncated>0</truncated>
		<difficult>0</difficult>
		<bndbox>
			<xmin>1231</xmin>
			<ymin>892</ymin>
			<xmax>1254</xmax>
			<ymax>915</ymax>
		</bndbox>
	</object>
	<object>
		<name>seed</name>
		<pose>Unspecified</pose>
		<truncated>0</truncated>
		<difficult>0</difficult>
		<bndbox>
			<xmin>1234</xmin>
			<ymin>997</ymin>
			<xmax>1257</xmax>
			<ymax>1020</ymax>
		</bndbox>
	</object>
	<object>
		<name>seed</name>
		<pose>Unspecified</pose>
		<truncated>0</truncated>
		<difficult>0</difficult>
		<bndbox>
			<xmin>1221</xmin>
			<ymin>939</ymin>
			<xmax>1244</xmax>
			<ymax>961</ymax>
		</bndbox>
	</object>
	<object>
		<name>seed</name>
		<pose>Unspecified</pose>
		<truncated>0</truncated>
		<difficult>0</difficult>
		<bndbox>
			<xmin>1124</xmin>
			<ymin>468</ymin>
			<xmax>1147</xmax>
			<ymax>488</ymax>
		</bndbox>
	</object>
	<object>
		<name>seed</name>
		<pose>Unspecified</pose>
		<truncated>0</truncated>
		<difficult>0</difficult>
		<bndbox>
			<xmin>1126</xmin>
			<ymin>629</ymin>
			<xmax>1151</xmax>
			<ymax>650</ymax>
		</bndbox>
	</object>
	<object>
		<name>seed</name>
		<pose>Unspecified</pose>
		<truncated>0</truncated>
		<difficult>0</difficult>
		<bndbox>
			<xmin>1416</xmin>
			<ymin>1188</ymin>
			<xmax>1440</xmax>
			<ymax>1209</ymax>
		</bndbox>
	</object>
	<object>
		<name>seed</name>
		<pose>Unspecified</pose>
		<truncated>0</truncated>
		<difficult>0</difficult>
		<bndbox>
			<xmin>1175</xmin>
			<ymin>697</ymin>
			<xmax>1198</xmax>
			<ymax>719</ymax>
		</bndbox>
	</object>
	<object>
		<name>seed</name>
		<pose>Unspecified</pose>
		<truncated>0</truncated>
		<difficult>0</difficult>
		<bndbox>
			<xmin>887</xmin>
			<ymin>728</ymin>
			<xmax>911</xmax>
			<ymax>751</ymax>
		</bndbox>
	</object>
	<object>
		<name>seed</name>
		<pose>Unspecified</pose>
		<truncated>0</truncated>
		<difficult>0</difficult>
		<bndbox>
			<xmin>976</xmin>
			<ymin>1090</ymin>
			<xmax>1000</xmax>
			<ymax>1113</ymax>
		</bndbox>
	</object>
	<object>
		<name>seed</name>
		<pose>Unspecified</pose>
		<truncated>0</truncated>
		<difficult>0</difficult>
		<bndbox>
			<xmin>1264</xmin>
			<ymin>694</ymin>
			<xmax>1287</xmax>
			<ymax>714</ymax>
		</bndbox>
	</object>
	<object>
		<name>seed</name>
		<pose>Unspecified</pose>
		<truncated>0</truncated>
		<difficult>0</difficult>
		<bndbox>
			<xmin>981</xmin>
			<ymin>1134</ymin>
			<xmax>1004</xmax>
			<ymax>1159</ymax>
		</bndbox>
	</object>
	<object>
		<name>seed</name>
		<pose>Unspecified</pose>
		<truncated>0</truncated>
		<difficult>0</difficult>
		<bndbox>
			<xmin>1103</xmin>
			<ymin>1207</ymin>
			<xmax>1127</xmax>
			<ymax>1230</ymax>
		</bndbox>
	</object>
	<object>
		<name>seed</name>
		<pose>Unspecified</pose>
		<truncated>0</truncated>
		<difficult>0</difficult>
		<bndbox>
			<xmin>1120</xmin>
			<ymin>919</ymin>
			<xmax>1145</xmax>
			<ymax>941</ymax>
		</bndbox>
	</object>
	<object>
		<name>seed</name>
		<pose>Unspecified</pose>
		<truncated>0</truncated>
		<difficult>0</difficult>
		<bndbox>
			<xmin>873</xmin>
			<ymin>1128</ymin>
			<xmax>897</xmax>
			<ymax>1150</ymax>
		</bndbox>
	</object>
	<object>
		<name>seed</name>
		<pose>Unspecified</pose>
		<truncated>0</truncated>
		<difficult>0</difficult>
		<bndbox>
			<xmin>1201</xmin>
			<ymin>907</ymin>
			<xmax>1227</xmax>
			<ymax>932</ymax>
		</bndbox>
	</object>
	<object>
		<name>seed</name>
		<pose>Unspecified</pose>
		<truncated>0</truncated>
		<difficult>0</difficult>
		<bndbox>
			<xmin>1124</xmin>
			<ymin>858</ymin>
			<xmax>1148</xmax>
			<ymax>881</ymax>
		</bndbox>
	</object>
	<object>
		<name>seed</name>
		<pose>Unspecified</pose>
		<truncated>0</truncated>
		<difficult>0</difficult>
		<bndbox>
			<xmin>1115</xmin>
			<ymin>484</ymin>
			<xmax>1140</xmax>
			<ymax>505</ymax>
		</bndbox>
	</object>
	<object>
		<name>seed</name>
		<pose>Unspecified</pose>
		<truncated>0</truncated>
		<difficult>0</difficult>
		<bndbox>
			<xmin>1286</xmin>
			<ymin>1366</ymin>
			<xmax>1311</xmax>
			<ymax>1388</ymax>
		</bndbox>
	</object>
	<object>
		<name>seed</name>
		<pose>Unspecified</pose>
		<truncated>0</truncated>
		<difficult>0</difficult>
		<bndbox>
			<xmin>1158</xmin>
			<ymin>525</ymin>
			<xmax>1181</xmax>
			<ymax>548</ymax>
		</bndbox>
	</object>
	<object>
		<name>seed</name>
		<pose>Unspecified</pose>
		<truncated>0</truncated>
		<difficult>0</difficult>
		<bndbox>
			<xmin>1256</xmin>
			<ymin>896</ymin>
			<xmax>1283</xmax>
			<ymax>919</ymax>
		</bndbox>
	</object>
	<object>
		<name>seed</name>
		<pose>Unspecified</pose>
		<truncated>0</truncated>
		<difficult>0</difficult>
		<bndbox>
			<xmin>971</xmin>
			<ymin>499</ymin>
			<xmax>993</xmax>
			<ymax>521</ymax>
		</bndbox>
	</object>
	<object>
		<name>seed</name>
		<pose>Unspecified</pose>
		<truncated>0</truncated>
		<difficult>0</difficult>
		<bndbox>
			<xmin>1224</xmin>
			<ymin>873</ymin>
			<xmax>1244</xmax>
			<ymax>896</ymax>
		</bndbox>
	</object>
	<object>
		<name>seed</name>
		<pose>Unspecified</pose>
		<truncated>0</truncated>
		<difficult>0</difficult>
		<bndbox>
			<xmin>1280</xmin>
			<ymin>938</ymin>
			<xmax>1303</xmax>
			<ymax>960</ymax>
		</bndbox>
	</object>
	<object>
		<name>seed</name>
		<pose>Unspecified</pose>
		<truncated>0</truncated>
		<difficult>0</difficult>
		<bndbox>
			<xmin>1103</xmin>
			<ymin>923</ymin>
			<xmax>1125</xmax>
			<ymax>945</ymax>
		</bndbox>
	</object>
	<object>
		<name>seed</name>
		<pose>Unspecified</pose>
		<truncated>0</truncated>
		<difficult>0</difficult>
		<bndbox>
			<xmin>1371</xmin>
			<ymin>886</ymin>
			<xmax>1396</xmax>
			<ymax>906</ymax>
		</bndbox>
	</object>
	<object>
		<name>seed</name>
		<pose>Unspecified</pose>
		<truncated>0</truncated>
		<difficult>0</difficult>
		<bndbox>
			<xmin>1149</xmin>
			<ymin>689</ymin>
			<xmax>1170</xmax>
			<ymax>709</ymax>
		</bndbox>
	</object>
	<object>
		<name>seed</name>
		<pose>Unspecified</pose>
		<truncated>0</truncated>
		<difficult>0</difficult>
		<bndbox>
			<xmin>1095</xmin>
			<ymin>687</ymin>
			<xmax>1119</xmax>
			<ymax>708</ymax>
		</bndbox>
	</object>
	<object>
		<name>seed</name>
		<pose>Unspecified</pose>
		<truncated>0</truncated>
		<difficult>0</difficult>
		<bndbox>
			<xmin>1308</xmin>
			<ymin>909</ymin>
			<xmax>1333</xmax>
			<ymax>924</ymax>
		</bndbox>
	</object>
	<object>
		<name>seed</name>
		<pose>Unspecified</pose>
		<truncated>0</truncated>
		<difficult>0</difficult>
		<bndbox>
			<xmin>1355</xmin>
			<ymin>861</ymin>
			<xmax>1379</xmax>
			<ymax>881</ymax>
		</bndbox>
	</object>
	<object>
		<name>seed</name>
		<pose>Unspecified</pose>
		<truncated>0</truncated>
		<difficult>0</difficult>
		<bndbox>
			<xmin>1331</xmin>
			<ymin>1991</ymin>
			<xmax>1357</xmax>
			<ymax>2015</ymax>
		</bndbox>
	</object>
	<object>
		<name>seed</name>
		<pose>Unspecified</pose>
		<truncated>0</truncated>
		<difficult>0</difficult>
		<bndbox>
			<xmin>561</xmin>
			<ymin>1474</ymin>
			<xmax>584</xmax>
			<ymax>1496</ymax>
		</bndbox>
	</object>
	<object>
		<name>seed</name>
		<pose>Unspecified</pose>
		<truncated>0</truncated>
		<difficult>0</difficult>
		<bndbox>
			<xmin>1274</xmin>
			<ymin>2276</ymin>
			<xmax>1299</xmax>
			<ymax>2301</ymax>
		</bndbox>
	</object>
	<object>
		<name>seed</name>
		<pose>Unspecified</pose>
		<truncated>0</truncated>
		<difficult>0</difficult>
		<bndbox>
			<xmin>884</xmin>
			<ymin>1750</ymin>
			<xmax>909</xmax>
			<ymax>1775</ymax>
		</bndbox>
	</object>
	<object>
		<name>seed</name>
		<pose>Unspecified</pose>
		<truncated>0</truncated>
		<difficult>0</difficult>
		<bndbox>
			<xmin>1329</xmin>
			<ymin>2089</ymin>
			<xmax>1354</xmax>
			<ymax>2113</ymax>
		</bndbox>
	</object>
	<object>
		<name>seed</name>
		<pose>Unspecified</pose>
		<truncated>0</truncated>
		<difficult>0</difficult>
		<bndbox>
			<xmin>930</xmin>
			<ymin>1929</ymin>
			<xmax>954</xmax>
			<ymax>1952</ymax>
		</bndbox>
	</object>
	<object>
		<name>seed</name>
		<pose>Unspecified</pose>
		<truncated>0</truncated>
		<difficult>0</difficult>
		<bndbox>
			<xmin>739</xmin>
			<ymin>1504</ymin>
			<xmax>764</xmax>
			<ymax>1530</ymax>
		</bndbox>
	</object>
	<object>
		<name>seed</name>
		<pose>Unspecified</pose>
		<truncated>0</truncated>
		<difficult>0</difficult>
		<bndbox>
			<xmin>1427</xmin>
			<ymin>1740</ymin>
			<xmax>1449</xmax>
			<ymax>1764</ymax>
		</bndbox>
	</object>
	<object>
		<name>seed</name>
		<pose>Unspecified</pose>
		<truncated>0</truncated>
		<difficult>0</difficult>
		<bndbox>
			<xmin>1387</xmin>
			<ymin>1491</ymin>
			<xmax>1413</xmax>
			<ymax>1515</ymax>
		</bndbox>
	</object>
	<object>
		<name>seed</name>
		<pose>Unspecified</pose>
		<truncated>0</truncated>
		<difficult>0</difficult>
		<bndbox>
			<xmin>1409</xmin>
			<ymin>2366</ymin>
			<xmax>1433</xmax>
			<ymax>2389</ymax>
		</bndbox>
	</object>
	<object>
		<name>seed</name>
		<pose>Unspecified</pose>
		<truncated>0</truncated>
		<difficult>0</difficult>
		<bndbox>
			<xmin>431</xmin>
			<ymin>1488</ymin>
			<xmax>457</xmax>
			<ymax>1512</ymax>
		</bndbox>
	</object>
	<object>
		<name>seed</name>
		<pose>Unspecified</pose>
		<truncated>0</truncated>
		<difficult>0</difficult>
		<bndbox>
			<xmin>934</xmin>
			<ymin>1687</ymin>
			<xmax>959</xmax>
			<ymax>1710</ymax>
		</bndbox>
	</object>
	<object>
		<name>seed</name>
		<pose>Unspecified</pose>
		<truncated>0</truncated>
		<difficult>0</difficult>
		<bndbox>
			<xmin>595</xmin>
			<ymin>1796</ymin>
			<xmax>623</xmax>
			<ymax>1820</ymax>
		</bndbox>
	</object>
	<object>
		<name>seed</name>
		<pose>Unspecified</pose>
		<truncated>0</truncated>
		<difficult>0</difficult>
		<bndbox>
			<xmin>1114</xmin>
			<ymin>1667</ymin>
			<xmax>1139</xmax>
			<ymax>1692</ymax>
		</bndbox>
	</object>
	<object>
		<name>seed</name>
		<pose>Unspecified</pose>
		<truncated>0</truncated>
		<difficult>0</difficult>
		<bndbox>
			<xmin>1403</xmin>
			<ymin>1623</ymin>
			<xmax>1428</xmax>
			<ymax>1646</ymax>
		</bndbox>
	</object>
	<object>
		<name>seed</name>
		<pose>Unspecified</pose>
		<truncated>0</truncated>
		<difficult>0</difficult>
		<bndbox>
			<xmin>639</xmin>
			<ymin>1792</ymin>
			<xmax>665</xmax>
			<ymax>1815</ymax>
		</bndbox>
	</object>
	<object>
		<name>seed</name>
		<pose>Unspecified</pose>
		<truncated>0</truncated>
		<difficult>0</difficult>
		<bndbox>
			<xmin>1116</xmin>
			<ymin>1778</ymin>
			<xmax>1142</xmax>
			<ymax>1802</ymax>
		</bndbox>
	</object>
	<object>
		<name>seed</name>
		<pose>Unspecified</pose>
		<truncated>0</truncated>
		<difficult>0</difficult>
		<bndbox>
			<xmin>965</xmin>
			<ymin>1796</ymin>
			<xmax>992</xmax>
			<ymax>1823</ymax>
		</bndbox>
	</object>
	<object>
		<name>seed</name>
		<pose>Unspecified</pose>
		<truncated>0</truncated>
		<difficult>0</difficult>
		<bndbox>
			<xmin>1431</xmin>
			<ymin>2209</ymin>
			<xmax>1463</xmax>
			<ymax>2231</ymax>
		</bndbox>
	</object>
	<object>
		<name>seed</name>
		<pose>Unspecified</pose>
		<truncated>0</truncated>
		<difficult>0</difficult>
		<bndbox>
			<xmin>1238</xmin>
			<ymin>2026</ymin>
			<xmax>1262</xmax>
			<ymax>2049</ymax>
		</bndbox>
	</object>
	<object>
		<name>seed</name>
		<pose>Unspecified</pose>
		<truncated>0</truncated>
		<difficult>0</difficult>
		<bndbox>
			<xmin>1244</xmin>
			<ymin>2235</ymin>
			<xmax>1269</xmax>
			<ymax>2258</ymax>
		</bndbox>
	</object>
	<object>
		<name>seed</name>
		<pose>Unspecified</pose>
		<truncated>0</truncated>
		<difficult>0</difficult>
		<bndbox>
			<xmin>1126</xmin>
			<ymin>1822</ymin>
			<xmax>1151</xmax>
			<ymax>1846</ymax>
		</bndbox>
	</object>
	<object>
		<name>seed</name>
		<pose>Unspecified</pose>
		<truncated>0</truncated>
		<difficult>0</difficult>
		<bndbox>
			<xmin>753</xmin>
			<ymin>1662</ymin>
			<xmax>780</xmax>
			<ymax>1688</ymax>
		</bndbox>
	</object>
	<object>
		<name>seed</name>
		<pose>Unspecified</pose>
		<truncated>0</truncated>
		<difficult>0</difficult>
		<bndbox>
			<xmin>913</xmin>
			<ymin>1578</ymin>
			<xmax>937</xmax>
			<ymax>1601</ymax>
		</bndbox>
	</object>
	<object>
		<name>seed</name>
		<pose>Unspecified</pose>
		<truncated>0</truncated>
		<difficult>0</difficult>
		<bndbox>
			<xmin>467</xmin>
			<ymin>1711</ymin>
			<xmax>492</xmax>
			<ymax>1736</ymax>
		</bndbox>
	</object>
	<object>
		<name>seed</name>
		<pose>Unspecified</pose>
		<truncated>0</truncated>
		<difficult>0</difficult>
		<bndbox>
			<xmin>1040</xmin>
			<ymin>2096</ymin>
			<xmax>1064</xmax>
			<ymax>2118</ymax>
		</bndbox>
	</object>
	<object>
		<name>seed</name>
		<pose>Unspecified</pose>
		<truncated>0</truncated>
		<difficult>0</difficult>
		<bndbox>
			<xmin>1129</xmin>
			<ymin>2197</ymin>
			<xmax>1153</xmax>
			<ymax>2220</ymax>
		</bndbox>
	</object>
	<object>
		<name>seed</name>
		<pose>Unspecified</pose>
		<truncated>0</truncated>
		<difficult>0</difficult>
		<bndbox>
			<xmin>915</xmin>
			<ymin>1803</ymin>
			<xmax>944</xmax>
			<ymax>1820</ymax>
		</bndbox>
	</object>
	<object>
		<name>seed</name>
		<pose>Unspecified</pose>
		<truncated>0</truncated>
		<difficult>0</difficult>
		<bndbox>
			<xmin>1537</xmin>
			<ymin>772</ymin>
			<xmax>1566</xmax>
			<ymax>800</ymax>
		</bndbox>
	</object>
	<object>
		<name>seed</name>
		<pose>Unspecified</pose>
		<truncated>0</truncated>
		<difficult>0</difficult>
		<bndbox>
			<xmin>1483</xmin>
			<ymin>867</ymin>
			<xmax>1507</xmax>
			<ymax>889</ymax>
		</bndbox>
	</object>
	<object>
		<name>seed</name>
		<pose>Unspecified</pose>
		<truncated>0</truncated>
		<difficult>0</difficult>
		<bndbox>
			<xmin>1719</xmin>
			<ymin>800</ymin>
			<xmax>1743</xmax>
			<ymax>823</ymax>
		</bndbox>
	</object>
	<object>
		<name>seed</name>
		<pose>Unspecified</pose>
		<truncated>0</truncated>
		<difficult>0</difficult>
		<bndbox>
			<xmin>1466</xmin>
			<ymin>781</ymin>
			<xmax>1491</xmax>
			<ymax>804</ymax>
		</bndbox>
	</object>
	<object>
		<name>seed</name>
		<pose>Unspecified</pose>
		<truncated>0</truncated>
		<difficult>0</difficult>
		<bndbox>
			<xmin>1518</xmin>
			<ymin>908</ymin>
			<xmax>1545</xmax>
			<ymax>932</ymax>
		</bndbox>
	</object>
	<object>
		<name>seed</name>
		<pose>Unspecified</pose>
		<truncated>0</truncated>
		<difficult>0</difficult>
		<bndbox>
			<xmin>1510</xmin>
			<ymin>1156</ymin>
			<xmax>1536</xmax>
			<ymax>1181</ymax>
		</bndbox>
	</object>
	<object>
		<name>seed</name>
		<pose>Unspecified</pose>
		<truncated>0</truncated>
		<difficult>0</difficult>
		<bndbox>
			<xmin>1537</xmin>
			<ymin>998</ymin>
			<xmax>1559</xmax>
			<ymax>1016</ymax>
		</bndbox>
	</object>
	<object>
		<name>seed</name>
		<pose>Unspecified</pose>
		<truncated>0</truncated>
		<difficult>0</difficult>
		<bndbox>
			<xmin>1681</xmin>
			<ymin>1056</ymin>
			<xmax>1706</xmax>
			<ymax>1080</ymax>
		</bndbox>
	</object>
	<object>
		<name>seed</name>
		<pose>Unspecified</pose>
		<truncated>0</truncated>
		<difficult>0</difficult>
		<bndbox>
			<xmin>1503</xmin>
			<ymin>604</ymin>
			<xmax>1528</xmax>
			<ymax>629</ymax>
		</bndbox>
	</object>
	<object>
		<name>seed</name>
		<pose>Unspecified</pose>
		<truncated>0</truncated>
		<difficult>0</difficult>
		<bndbox>
			<xmin>1654</xmin>
			<ymin>1176</ymin>
			<xmax>1679</xmax>
			<ymax>1200</ymax>
		</bndbox>
	</object>
	<object>
		<name>seed</name>
		<pose>Unspecified</pose>
		<truncated>0</truncated>
		<difficult>0</difficult>
		<bndbox>
			<xmin>1677</xmin>
			<ymin>1091</ymin>
			<xmax>1702</xmax>
			<ymax>1115</ymax>
		</bndbox>
	</object>
	<object>
		<name>seed</name>
		<pose>Unspecified</pose>
		<truncated>0</truncated>
		<difficult>0</difficult>
		<bndbox>
			<xmin>1896</xmin>
			<ymin>496</ymin>
			<xmax>1921</xmax>
			<ymax>520</ymax>
		</bndbox>
	</object>
	<object>
		<name>seed</name>
		<pose>Unspecified</pose>
		<truncated>0</truncated>
		<difficult>0</difficult>
		<bndbox>
			<xmin>1674</xmin>
			<ymin>744</ymin>
			<xmax>1698</xmax>
			<ymax>767</ymax>
		</bndbox>
	</object>
	<object>
		<name>seed</name>
		<pose>Unspecified</pose>
		<truncated>0</truncated>
		<difficult>0</difficult>
		<bndbox>
			<xmin>1646</xmin>
			<ymin>1379</ymin>
			<xmax>1672</xmax>
			<ymax>1403</ymax>
		</bndbox>
	</object>
	<object>
		<name>seed</name>
		<pose>Unspecified</pose>
		<truncated>0</truncated>
		<difficult>0</difficult>
		<bndbox>
			<xmin>1461</xmin>
			<ymin>926</ymin>
			<xmax>1486</xmax>
			<ymax>948</ymax>
		</bndbox>
	</object>
	<object>
		<name>seed</name>
		<pose>Unspecified</pose>
		<truncated>0</truncated>
		<difficult>0</difficult>
		<bndbox>
			<xmin>1502</xmin>
			<ymin>716</ymin>
			<xmax>1528</xmax>
			<ymax>739</ymax>
		</bndbox>
	</object>
	<object>
		<name>seed</name>
		<pose>Unspecified</pose>
		<truncated>0</truncated>
		<difficult>0</difficult>
		<bndbox>
			<xmin>1665</xmin>
			<ymin>639</ymin>
			<xmax>1691</xmax>
			<ymax>665</ymax>
		</bndbox>
	</object>
	<object>
		<name>seed</name>
		<pose>Unspecified</pose>
		<truncated>0</truncated>
		<difficult>0</difficult>
		<bndbox>
			<xmin>1916</xmin>
			<ymin>941</ymin>
			<xmax>1941</xmax>
			<ymax>965</ymax>
		</bndbox>
	</object>
	<object>
		<name>seed</name>
		<pose>Unspecified</pose>
		<truncated>0</truncated>
		<difficult>0</difficult>
		<bndbox>
			<xmin>1574</xmin>
			<ymin>882</ymin>
			<xmax>1598</xmax>
			<ymax>906</ymax>
		</bndbox>
	</object>
	<object>
		<name>seed</name>
		<pose>Unspecified</pose>
		<truncated>0</truncated>
		<difficult>0</difficult>
		<bndbox>
			<xmin>2351</xmin>
			<ymin>1338</ymin>
			<xmax>2376</xmax>
			<ymax>1361</ymax>
		</bndbox>
	</object>
	<object>
		<name>seed</name>
		<pose>Unspecified</pose>
		<truncated>0</truncated>
		<difficult>0</difficult>
		<bndbox>
			<xmin>1670</xmin>
			<ymin>894</ymin>
			<xmax>1697</xmax>
			<ymax>918</ymax>
		</bndbox>
	</object>
	<object>
		<name>seed</name>
		<pose>Unspecified</pose>
		<truncated>0</truncated>
		<difficult>0</difficult>
		<bndbox>
			<xmin>1574</xmin>
			<ymin>1220</ymin>
			<xmax>1598</xmax>
			<ymax>1242</ymax>
		</bndbox>
	</object>
	<object>
		<name>seed</name>
		<pose>Unspecified</pose>
		<truncated>0</truncated>
		<difficult>0</difficult>
		<bndbox>
			<xmin>1469</xmin>
			<ymin>728</ymin>
			<xmax>1495</xmax>
			<ymax>752</ymax>
		</bndbox>
	</object>
	<object>
		<name>seed</name>
		<pose>Unspecified</pose>
		<truncated>0</truncated>
		<difficult>0</difficult>
		<bndbox>
			<xmin>1709</xmin>
			<ymin>749</ymin>
			<xmax>1732</xmax>
			<ymax>771</ymax>
		</bndbox>
	</object>
	<object>
		<name>seed</name>
		<pose>Unspecified</pose>
		<truncated>0</truncated>
		<difficult>0</difficult>
		<bndbox>
			<xmin>1677</xmin>
			<ymin>807</ymin>
			<xmax>1699</xmax>
			<ymax>834</ymax>
		</bndbox>
	</object>
	<object>
		<name>seed</name>
		<pose>Unspecified</pose>
		<truncated>0</truncated>
		<difficult>0</difficult>
		<bndbox>
			<xmin>1458</xmin>
			<ymin>1040</ymin>
			<xmax>1482</xmax>
			<ymax>1063</ymax>
		</bndbox>
	</object>
	<object>
		<name>seed</name>
		<pose>Unspecified</pose>
		<truncated>0</truncated>
		<difficult>0</difficult>
		<bndbox>
			<xmin>1466</xmin>
			<ymin>759</ymin>
			<xmax>1491</xmax>
			<ymax>781</ymax>
		</bndbox>
	</object>
	<object>
		<name>seed</name>
		<pose>Unspecified</pose>
		<truncated>0</truncated>
		<difficult>0</difficult>
		<bndbox>
			<xmin>1708</xmin>
			<ymin>437</ymin>
			<xmax>1733</xmax>
			<ymax>460</ymax>
		</bndbox>
	</object>
	<object>
		<name>seed</name>
		<pose>Unspecified</pose>
		<truncated>0</truncated>
		<difficult>0</difficult>
		<bndbox>
			<xmin>1848</xmin>
			<ymin>686</ymin>
			<xmax>1873</xmax>
			<ymax>708</ymax>
		</bndbox>
	</object>
	<object>
		<name>seed</name>
		<pose>Unspecified</pose>
		<truncated>0</truncated>
		<difficult>0</difficult>
		<bndbox>
			<xmin>1665</xmin>
			<ymin>1158</ymin>
			<xmax>1690</xmax>
			<ymax>1181</ymax>
		</bndbox>
	</object>
	<object>
		<name>seed</name>
		<pose>Unspecified</pose>
		<truncated>0</truncated>
		<difficult>0</difficult>
		<bndbox>
			<xmin>1825</xmin>
			<ymin>640</ymin>
			<xmax>1849</xmax>
			<ymax>663</ymax>
		</bndbox>
	</object>
	<object>
		<name>seed</name>
		<pose>Unspecified</pose>
		<truncated>0</truncated>
		<difficult>0</difficult>
		<bndbox>
			<xmin>2036</xmin>
			<ymin>985</ymin>
			<xmax>2061</xmax>
			<ymax>1009</ymax>
		</bndbox>
	</object>
	<object>
		<name>seed</name>
		<pose>Unspecified</pose>
		<truncated>0</truncated>
		<difficult>0</difficult>
		<bndbox>
			<xmin>1470</xmin>
			<ymin>1309</ymin>
			<xmax>1496</xmax>
			<ymax>1334</ymax>
		</bndbox>
	</object>
	<object>
		<name>seed</name>
		<pose>Unspecified</pose>
		<truncated>0</truncated>
		<difficult>0</difficult>
		<bndbox>
			<xmin>1892</xmin>
			<ymin>438</ymin>
			<xmax>1917</xmax>
			<ymax>462</ymax>
		</bndbox>
	</object>
	<object>
		<name>seed</name>
		<pose>Unspecified</pose>
		<truncated>0</truncated>
		<difficult>0</difficult>
		<bndbox>
			<xmin>1700</xmin>
			<ymin>818</ymin>
			<xmax>1724</xmax>
			<ymax>841</ymax>
		</bndbox>
	</object>
	<object>
		<name>seed</name>
		<pose>Unspecified</pose>
		<truncated>0</truncated>
		<difficult>0</difficult>
		<bndbox>
			<xmin>1879</xmin>
			<ymin>1111</ymin>
			<xmax>1903</xmax>
			<ymax>1134</ymax>
		</bndbox>
	</object>
	<object>
		<name>seed</name>
		<pose>Unspecified</pose>
		<truncated>0</truncated>
		<difficult>0</difficult>
		<bndbox>
			<xmin>1767</xmin>
			<ymin>735</ymin>
			<xmax>1791</xmax>
			<ymax>758</ymax>
		</bndbox>
	</object>
	<object>
		<name>seed</name>
		<pose>Unspecified</pose>
		<truncated>0</truncated>
		<difficult>0</difficult>
		<bndbox>
			<xmin>1810</xmin>
			<ymin>791</ymin>
			<xmax>1837</xmax>
			<ymax>815</ymax>
		</bndbox>
	</object>
	<object>
		<name>seed</name>
		<pose>Unspecified</pose>
		<truncated>0</truncated>
		<difficult>0</difficult>
		<bndbox>
			<xmin>1574</xmin>
			<ymin>662</ymin>
			<xmax>1599</xmax>
			<ymax>685</ymax>
		</bndbox>
	</object>
	<object>
		<name>seed</name>
		<pose>Unspecified</pose>
		<truncated>0</truncated>
		<difficult>0</difficult>
		<bndbox>
			<xmin>1656</xmin>
			<ymin>1249</ymin>
			<xmax>1681</xmax>
			<ymax>1272</ymax>
		</bndbox>
	</object>
	<object>
		<name>seed</name>
		<pose>Unspecified</pose>
		<truncated>0</truncated>
		<difficult>0</difficult>
		<bndbox>
			<xmin>1601</xmin>
			<ymin>923</ymin>
			<xmax>1625</xmax>
			<ymax>946</ymax>
		</bndbox>
	</object>
	<object>
		<name>seed</name>
		<pose>Unspecified</pose>
		<truncated>0</truncated>
		<difficult>0</difficult>
		<bndbox>
			<xmin>1504</xmin>
			<ymin>1062</ymin>
			<xmax>1529</xmax>
			<ymax>1084</ymax>
		</bndbox>
	</object>
	<object>
		<name>seed</name>
		<pose>Unspecified</pose>
		<truncated>0</truncated>
		<difficult>0</difficult>
		<bndbox>
			<xmin>2032</xmin>
			<ymin>938</ymin>
			<xmax>2058</xmax>
			<ymax>964</ymax>
		</bndbox>
	</object>
	<object>
		<name>seed</name>
		<pose>Unspecified</pose>
		<truncated>0</truncated>
		<difficult>0</difficult>
		<bndbox>
			<xmin>1677</xmin>
			<ymin>947</ymin>
			<xmax>1702</xmax>
			<ymax>971</ymax>
		</bndbox>
	</object>
	<object>
		<name>seed</name>
		<pose>Unspecified</pose>
		<truncated>0</truncated>
		<difficult>0</difficult>
		<bndbox>
			<xmin>1942</xmin>
			<ymin>936</ymin>
			<xmax>1968</xmax>
			<ymax>961</ymax>
		</bndbox>
	</object>
	<object>
		<name>seed</name>
		<pose>Unspecified</pose>
		<truncated>0</truncated>
		<difficult>0</difficult>
		<bndbox>
			<xmin>1544</xmin>
			<ymin>819</ymin>
			<xmax>1577</xmax>
			<ymax>845</ymax>
		</bndbox>
	</object>
	<object>
		<name>seed</name>
		<pose>Unspecified</pose>
		<truncated>0</truncated>
		<difficult>0</difficult>
		<bndbox>
			<xmin>1450</xmin>
			<ymin>1168</ymin>
			<xmax>1473</xmax>
			<ymax>1192</ymax>
		</bndbox>
	</object>
	<object>
		<name>seed</name>
		<pose>Unspecified</pose>
		<truncated>0</truncated>
		<difficult>0</difficult>
		<bndbox>
			<xmin>1546</xmin>
			<ymin>527</ymin>
			<xmax>1571</xmax>
			<ymax>551</ymax>
		</bndbox>
	</object>
	<object>
		<name>seed</name>
		<pose>Unspecified</pose>
		<truncated>0</truncated>
		<difficult>0</difficult>
		<bndbox>
			<xmin>1829</xmin>
			<ymin>871</ymin>
			<xmax>1852</xmax>
			<ymax>894</ymax>
		</bndbox>
	</object>
	<object>
		<name>seed</name>
		<pose>Unspecified</pose>
		<truncated>0</truncated>
		<difficult>0</difficult>
		<bndbox>
			<xmin>1628</xmin>
			<ymin>1244</ymin>
			<xmax>1652</xmax>
			<ymax>1267</ymax>
		</bndbox>
	</object>
	<object>
		<name>seed</name>
		<pose>Unspecified</pose>
		<truncated>0</truncated>
		<difficult>0</difficult>
		<bndbox>
			<xmin>1760</xmin>
			<ymin>645</ymin>
			<xmax>1786</xmax>
			<ymax>669</ymax>
		</bndbox>
	</object>
	<object>
		<name>seed</name>
		<pose>Unspecified</pose>
		<truncated>0</truncated>
		<difficult>0</difficult>
		<bndbox>
			<xmin>1683</xmin>
			<ymin>1144</ymin>
			<xmax>1707</xmax>
			<ymax>1162</ymax>
		</bndbox>
	</object>
	<object>
		<name>seed</name>
		<pose>Unspecified</pose>
		<truncated>0</truncated>
		<difficult>0</difficult>
		<bndbox>
			<xmin>1826</xmin>
			<ymin>464</ymin>
			<xmax>1851</xmax>
			<ymax>488</ymax>
		</bndbox>
	</object>
	<object>
		<name>seed</name>
		<pose>Unspecified</pose>
		<truncated>0</truncated>
		<difficult>0</difficult>
		<bndbox>
			<xmin>1578</xmin>
			<ymin>780</ymin>
			<xmax>1607</xmax>
			<ymax>805</ymax>
		</bndbox>
	</object>
	<object>
		<name>seed</name>
		<pose>Unspecified</pose>
		<truncated>0</truncated>
		<difficult>0</difficult>
		<bndbox>
			<xmin>1687</xmin>
			<ymin>1402</ymin>
			<xmax>1713</xmax>
			<ymax>1425</ymax>
		</bndbox>
	</object>
	<object>
		<name>seed</name>
		<pose>Unspecified</pose>
		<truncated>0</truncated>
		<difficult>0</difficult>
		<bndbox>
			<xmin>1857</xmin>
			<ymin>940</ymin>
			<xmax>1882</xmax>
			<ymax>963</ymax>
		</bndbox>
	</object>
	<object>
		<name>seed</name>
		<pose>Unspecified</pose>
		<truncated>0</truncated>
		<difficult>0</difficult>
		<bndbox>
			<xmin>1567</xmin>
			<ymin>1180</ymin>
			<xmax>1589</xmax>
			<ymax>1203</ymax>
		</bndbox>
	</object>
	<object>
		<name>seed</name>
		<pose>Unspecified</pose>
		<truncated>0</truncated>
		<difficult>0</difficult>
		<bndbox>
			<xmin>1487</xmin>
			<ymin>1094</ymin>
			<xmax>1512</xmax>
			<ymax>1116</ymax>
		</bndbox>
	</object>
	<object>
		<name>seed</name>
		<pose>Unspecified</pose>
		<truncated>0</truncated>
		<difficult>0</difficult>
		<bndbox>
			<xmin>1605</xmin>
			<ymin>1235</ymin>
			<xmax>1629</xmax>
			<ymax>1257</ymax>
		</bndbox>
	</object>
	<object>
		<name>seed</name>
		<pose>Unspecified</pose>
		<truncated>0</truncated>
		<difficult>0</difficult>
		<bndbox>
			<xmin>1592</xmin>
			<ymin>1188</ymin>
			<xmax>1615</xmax>
			<ymax>1212</ymax>
		</bndbox>
	</object>
	<object>
		<name>seed</name>
		<pose>Unspecified</pose>
		<truncated>0</truncated>
		<difficult>0</difficult>
		<bndbox>
			<xmin>1498</xmin>
			<ymin>468</ymin>
			<xmax>1523</xmax>
			<ymax>492</ymax>
		</bndbox>
	</object>
	<object>
		<name>seed</name>
		<pose>Unspecified</pose>
		<truncated>0</truncated>
		<difficult>0</difficult>
		<bndbox>
			<xmin>1499</xmin>
			<ymin>1424</ymin>
			<xmax>1522</xmax>
			<ymax>1447</ymax>
		</bndbox>
	</object>
	<object>
		<name>seed</name>
		<pose>Unspecified</pose>
		<truncated>0</truncated>
		<difficult>0</difficult>
		<bndbox>
			<xmin>1694</xmin>
			<ymin>1237</ymin>
			<xmax>1719</xmax>
			<ymax>1260</ymax>
		</bndbox>
	</object>
	<object>
		<name>seed</name>
		<pose>Unspecified</pose>
		<truncated>0</truncated>
		<difficult>0</difficult>
		<bndbox>
			<xmin>1818</xmin>
			<ymin>815</ymin>
			<xmax>1842</xmax>
			<ymax>838</ymax>
		</bndbox>
	</object>
	<object>
		<name>seed</name>
		<pose>Unspecified</pose>
		<truncated>0</truncated>
		<difficult>0</difficult>
		<bndbox>
			<xmin>1740</xmin>
			<ymin>814</ymin>
			<xmax>1765</xmax>
			<ymax>838</ymax>
		</bndbox>
	</object>
	<object>
		<name>seed</name>
		<pose>Unspecified</pose>
		<truncated>0</truncated>
		<difficult>0</difficult>
		<bndbox>
			<xmin>1739</xmin>
			<ymin>889</ymin>
			<xmax>1763</xmax>
			<ymax>913</ymax>
		</bndbox>
	</object>
	<object>
		<name>seed</name>
		<pose>Unspecified</pose>
		<truncated>0</truncated>
		<difficult>0</difficult>
		<bndbox>
			<xmin>1548</xmin>
			<ymin>592</ymin>
			<xmax>1573</xmax>
			<ymax>616</ymax>
		</bndbox>
	</object>
	<object>
		<name>seed</name>
		<pose>Unspecified</pose>
		<truncated>0</truncated>
		<difficult>0</difficult>
		<bndbox>
			<xmin>1452</xmin>
			<ymin>1098</ymin>
			<xmax>1478</xmax>
			<ymax>1123</ymax>
		</bndbox>
	</object>
	<object>
		<name>seed</name>
		<pose>Unspecified</pose>
		<truncated>0</truncated>
		<difficult>0</difficult>
		<bndbox>
			<xmin>1637</xmin>
			<ymin>415</ymin>
			<xmax>1662</xmax>
			<ymax>438</ymax>
		</bndbox>
	</object>
	<object>
		<name>seed</name>
		<pose>Unspecified</pose>
		<truncated>0</truncated>
		<difficult>0</difficult>
		<bndbox>
			<xmin>1630</xmin>
			<ymin>1070</ymin>
			<xmax>1656</xmax>
			<ymax>1093</ymax>
		</bndbox>
	</object>
	<object>
		<name>seed</name>
		<pose>Unspecified</pose>
		<truncated>0</truncated>
		<difficult>0</difficult>
		<bndbox>
			<xmin>1650</xmin>
			<ymin>762</ymin>
			<xmax>1675</xmax>
			<ymax>786</ymax>
		</bndbox>
	</object>
	<object>
		<name>seed</name>
		<pose>Unspecified</pose>
		<truncated>0</truncated>
		<difficult>0</difficult>
		<bndbox>
			<xmin>2360</xmin>
			<ymin>1086</ymin>
			<xmax>2383</xmax>
			<ymax>1108</ymax>
		</bndbox>
	</object>
	<object>
		<name>seed</name>
		<pose>Unspecified</pose>
		<truncated>0</truncated>
		<difficult>0</difficult>
		<bndbox>
			<xmin>1930</xmin>
			<ymin>524</ymin>
			<xmax>1954</xmax>
			<ymax>547</ymax>
		</bndbox>
	</object>
	<object>
		<name>seed</name>
		<pose>Unspecified</pose>
		<truncated>0</truncated>
		<difficult>0</difficult>
		<bndbox>
			<xmin>1608</xmin>
			<ymin>981</ymin>
			<xmax>1633</xmax>
			<ymax>1006</ymax>
		</bndbox>
	</object>
	<object>
		<name>seed</name>
		<pose>Unspecified</pose>
		<truncated>0</truncated>
		<difficult>0</difficult>
		<bndbox>
			<xmin>1958</xmin>
			<ymin>1087</ymin>
			<xmax>1982</xmax>
			<ymax>1112</ymax>
		</bndbox>
	</object>
	<object>
		<name>seed</name>
		<pose>Unspecified</pose>
		<truncated>0</truncated>
		<difficult>0</difficult>
		<bndbox>
			<xmin>1697</xmin>
			<ymin>1430</ymin>
			<xmax>1725</xmax>
			<ymax>1461</ymax>
		</bndbox>
	</object>
	<object>
		<name>seed</name>
		<pose>Unspecified</pose>
		<truncated>0</truncated>
		<difficult>0</difficult>
		<bndbox>
			<xmin>1621</xmin>
			<ymin>1131</ymin>
			<xmax>1647</xmax>
			<ymax>1154</ymax>
		</bndbox>
	</object>
	<object>
		<name>seed</name>
		<pose>Unspecified</pose>
		<truncated>0</truncated>
		<difficult>0</difficult>
		<bndbox>
			<xmin>1703</xmin>
			<ymin>1165</ymin>
			<xmax>1729</xmax>
			<ymax>1187</ymax>
		</bndbox>
	</object>
	<object>
		<name>seed</name>
		<pose>Unspecified</pose>
		<truncated>0</truncated>
		<difficult>0</difficult>
		<bndbox>
			<xmin>1658</xmin>
			<ymin>858</ymin>
			<xmax>1683</xmax>
			<ymax>882</ymax>
		</bndbox>
	</object>
	<object>
		<name>seed</name>
		<pose>Unspecified</pose>
		<truncated>0</truncated>
		<difficult>0</difficult>
		<bndbox>
			<xmin>1473</xmin>
			<ymin>1250</ymin>
			<xmax>1498</xmax>
			<ymax>1274</ymax>
		</bndbox>
	</object>
	<object>
		<name>seed</name>
		<pose>Unspecified</pose>
		<truncated>0</truncated>
		<difficult>0</difficult>
		<bndbox>
			<xmin>1593</xmin>
			<ymin>1379</ymin>
			<xmax>1619</xmax>
			<ymax>1403</ymax>
		</bndbox>
	</object>
	<object>
		<name>seed</name>
		<pose>Unspecified</pose>
		<truncated>0</truncated>
		<difficult>0</difficult>
		<bndbox>
			<xmin>1701</xmin>
			<ymin>1273</ymin>
			<xmax>1727</xmax>
			<ymax>1296</ymax>
		</bndbox>
	</object>
	<object>
		<name>seed</name>
		<pose>Unspecified</pose>
		<truncated>0</truncated>
		<difficult>0</difficult>
		<bndbox>
			<xmin>1451</xmin>
			<ymin>683</ymin>
			<xmax>1473</xmax>
			<ymax>706</ymax>
		</bndbox>
	</object>
	<object>
		<name>seed</name>
		<pose>Unspecified</pose>
		<truncated>0</truncated>
		<difficult>0</difficult>
		<bndbox>
			<xmin>1454</xmin>
			<ymin>1004</ymin>
			<xmax>1478</xmax>
			<ymax>1026</ymax>
		</bndbox>
	</object>
	<object>
		<name>seed</name>
		<pose>Unspecified</pose>
		<truncated>0</truncated>
		<difficult>0</difficult>
		<bndbox>
			<xmin>1802</xmin>
			<ymin>588</ymin>
			<xmax>1828</xmax>
			<ymax>613</ymax>
		</bndbox>
	</object>
	<object>
		<name>seed</name>
		<pose>Unspecified</pose>
		<truncated>0</truncated>
		<difficult>0</difficult>
		<bndbox>
			<xmin>2030</xmin>
			<ymin>1165</ymin>
			<xmax>2055</xmax>
			<ymax>1190</ymax>
		</bndbox>
	</object>
	<object>
		<name>seed</name>
		<pose>Unspecified</pose>
		<truncated>0</truncated>
		<difficult>0</difficult>
		<bndbox>
			<xmin>1561</xmin>
			<ymin>633</ymin>
			<xmax>1584</xmax>
			<ymax>656</ymax>
		</bndbox>
	</object>
	<object>
		<name>seed</name>
		<pose>Unspecified</pose>
		<truncated>0</truncated>
		<difficult>0</difficult>
		<bndbox>
			<xmin>1745</xmin>
			<ymin>370</ymin>
			<xmax>1778</xmax>
			<ymax>394</ymax>
		</bndbox>
	</object>
	<object>
		<name>seed</name>
		<pose>Unspecified</pose>
		<truncated>0</truncated>
		<difficult>0</difficult>
		<bndbox>
			<xmin>1654</xmin>
			<ymin>557</ymin>
			<xmax>1680</xmax>
			<ymax>580</ymax>
		</bndbox>
	</object>
	<object>
		<name>seed</name>
		<pose>Unspecified</pose>
		<truncated>0</truncated>
		<difficult>0</difficult>
		<bndbox>
			<xmin>1500</xmin>
			<ymin>1020</ymin>
			<xmax>1525</xmax>
			<ymax>1044</ymax>
		</bndbox>
	</object>
	<object>
		<name>seed</name>
		<pose>Unspecified</pose>
		<truncated>0</truncated>
		<difficult>0</difficult>
		<bndbox>
			<xmin>1604</xmin>
			<ymin>674</ymin>
			<xmax>1628</xmax>
			<ymax>697</ymax>
		</bndbox>
	</object>
	<object>
		<name>seed</name>
		<pose>Unspecified</pose>
		<truncated>0</truncated>
		<difficult>0</difficult>
		<bndbox>
			<xmin>1968</xmin>
			<ymin>649</ymin>
			<xmax>1993</xmax>
			<ymax>674</ymax>
		</bndbox>
	</object>
	<object>
		<name>seed</name>
		<pose>Unspecified</pose>
		<truncated>0</truncated>
		<difficult>0</difficult>
		<bndbox>
			<xmin>1625</xmin>
			<ymin>1276</ymin>
			<xmax>1649</xmax>
			<ymax>1298</ymax>
		</bndbox>
	</object>
	<object>
		<name>seed</name>
		<pose>Unspecified</pose>
		<truncated>0</truncated>
		<difficult>0</difficult>
		<bndbox>
			<xmin>1976</xmin>
			<ymin>1398</ymin>
			<xmax>2001</xmax>
			<ymax>1422</ymax>
		</bndbox>
	</object>
	<object>
		<name>seed</name>
		<pose>Unspecified</pose>
		<truncated>0</truncated>
		<difficult>0</difficult>
		<bndbox>
			<xmin>1623</xmin>
			<ymin>1093</ymin>
			<xmax>1648</xmax>
			<ymax>1115</ymax>
		</bndbox>
	</object>
	<object>
		<name>seed</name>
		<pose>Unspecified</pose>
		<truncated>0</truncated>
		<difficult>0</difficult>
		<bndbox>
			<xmin>1670</xmin>
			<ymin>1125</ymin>
			<xmax>1695</xmax>
			<ymax>1148</ymax>
		</bndbox>
	</object>
	<object>
		<name>seed</name>
		<pose>Unspecified</pose>
		<truncated>0</truncated>
		<difficult>0</difficult>
		<bndbox>
			<xmin>1484</xmin>
			<ymin>310</ymin>
			<xmax>1510</xmax>
			<ymax>334</ymax>
		</bndbox>
	</object>
	<object>
		<name>seed</name>
		<pose>Unspecified</pose>
		<truncated>0</truncated>
		<difficult>0</difficult>
		<bndbox>
			<xmin>1544</xmin>
			<ymin>639</ymin>
			<xmax>1568</xmax>
			<ymax>662</ymax>
		</bndbox>
	</object>
	<object>
		<name>seed</name>
		<pose>Unspecified</pose>
		<truncated>0</truncated>
		<difficult>0</difficult>
		<bndbox>
			<xmin>1558</xmin>
			<ymin>1207</ymin>
			<xmax>1575</xmax>
			<ymax>1229</ymax>
		</bndbox>
	</object>
	<object>
		<name>seed</name>
		<pose>Unspecified</pose>
		<truncated>0</truncated>
		<difficult>0</difficult>
		<bndbox>
			<xmin>1670</xmin>
			<ymin>547</ymin>
			<xmax>1693</xmax>
			<ymax>570</ymax>
		</bndbox>
	</object>
	<object>
		<name>seed</name>
		<pose>Unspecified</pose>
		<truncated>0</truncated>
		<difficult>0</difficult>
		<bndbox>
			<xmin>1570</xmin>
			<ymin>1201</ymin>
			<xmax>1591</xmax>
			<ymax>1222</ymax>
		</bndbox>
	</object>
	<object>
		<name>seed</name>
		<pose>Unspecified</pose>
		<truncated>0</truncated>
		<difficult>0</difficult>
		<bndbox>
			<xmin>1606</xmin>
			<ymin>2336</ymin>
			<xmax>1630</xmax>
			<ymax>2361</ymax>
		</bndbox>
	</object>
	<object>
		<name>seed</name>
		<pose>Unspecified</pose>
		<truncated>0</truncated>
		<difficult>0</difficult>
		<bndbox>
			<xmin>2294</xmin>
			<ymin>1494</ymin>
			<xmax>2318</xmax>
			<ymax>1516</ymax>
		</bndbox>
	</object>
	<object>
		<name>seed</name>
		<pose>Unspecified</pose>
		<truncated>0</truncated>
		<difficult>0</difficult>
		<bndbox>
			<xmin>1872</xmin>
			<ymin>1967</ymin>
			<xmax>1897</xmax>
			<ymax>1990</ymax>
		</bndbox>
	</object>
	<object>
		<name>seed</name>
		<pose>Unspecified</pose>
		<truncated>0</truncated>
		<difficult>0</difficult>
		<bndbox>
			<xmin>1525</xmin>
			<ymin>1875</ymin>
			<xmax>1551</xmax>
			<ymax>1900</ymax>
		</bndbox>
	</object>
	<object>
		<name>seed</name>
		<pose>Unspecified</pose>
		<truncated>0</truncated>
		<difficult>0</difficult>
		<bndbox>
			<xmin>1487</xmin>
			<ymin>2327</ymin>
			<xmax>1510</xmax>
			<ymax>2353</ymax>
		</bndbox>
	</object>
	<object>
		<name>seed</name>
		<pose>Unspecified</pose>
		<truncated>0</truncated>
		<difficult>0</difficult>
		<bndbox>
			<xmin>2098</xmin>
			<ymin>1978</ymin>
			<xmax>2123</xmax>
			<ymax>2002</ymax>
		</bndbox>
	</object>
	<object>
		<name>seed</name>
		<pose>Unspecified</pose>
		<truncated>0</truncated>
		<difficult>0</difficult>
		<bndbox>
			<xmin>2018</xmin>
			<ymin>1619</ymin>
			<xmax>2044</xmax>
			<ymax>1642</ymax>
		</bndbox>
	</object>
	<object>
		<name>seed</name>
		<pose>Unspecified</pose>
		<truncated>0</truncated>
		<difficult>0</difficult>
		<bndbox>
			<xmin>1711</xmin>
			<ymin>1955</ymin>
			<xmax>1736</xmax>
			<ymax>1978</ymax>
		</bndbox>
	</object>
	<object>
		<name>seed</name>
		<pose>Unspecified</pose>
		<truncated>0</truncated>
		<difficult>0</difficult>
		<bndbox>
			<xmin>2090</xmin>
			<ymin>1859</ymin>
			<xmax>2114</xmax>
			<ymax>1883</ymax>
		</bndbox>
	</object>
	<object>
		<name>seed</name>
		<pose>Unspecified</pose>
		<truncated>0</truncated>
		<difficult>0</difficult>
		<bndbox>
			<xmin>1706</xmin>
			<ymin>1931</ymin>
			<xmax>1730</xmax>
			<ymax>1953</ymax>
		</bndbox>
	</object>
	<object>
		<name>seed</name>
		<pose>Unspecified</pose>
		<truncated>0</truncated>
		<difficult>0</difficult>
		<bndbox>
			<xmin>2014</xmin>
			<ymin>1554</ymin>
			<xmax>2039</xmax>
			<ymax>1578</ymax>
		</bndbox>
	</object>
	<object>
		<name>seed</name>
		<pose>Unspecified</pose>
		<truncated>0</truncated>
		<difficult>0</difficult>
		<bndbox>
			<xmin>1778</xmin>
			<ymin>1567</ymin>
			<xmax>1803</xmax>
			<ymax>1593</ymax>
		</bndbox>
	</object>
	<object>
		<name>seed</name>
		<pose>Unspecified</pose>
		<truncated>0</truncated>
		<difficult>0</difficult>
		<bndbox>
			<xmin>1480</xmin>
			<ymin>1786</ymin>
			<xmax>1507</xmax>
			<ymax>1815</ymax>
		</bndbox>
	</object>
	<object>
		<name>seed</name>
		<pose>Unspecified</pose>
		<truncated>0</truncated>
		<difficult>0</difficult>
		<bndbox>
			<xmin>1566</xmin>
			<ymin>1943</ymin>
			<xmax>1591</xmax>
			<ymax>1967</ymax>
		</bndbox>
	</object>
	<object>
		<name>seed</name>
		<pose>Unspecified</pose>
		<truncated>0</truncated>
		<difficult>0</difficult>
		<bndbox>
			<xmin>1588</xmin>
			<ymin>1479</ymin>
			<xmax>1609</xmax>
			<ymax>1501</ymax>
		</bndbox>
	</object>
	<object>
		<name>seed</name>
		<pose>Unspecified</pose>
		<truncated>0</truncated>
		<difficult>0</difficult>
		<bndbox>
			<xmin>1502</xmin>
			<ymin>1934</ymin>
			<xmax>1528</xmax>
			<ymax>1963</ymax>
		</bndbox>
	</object>
	<object>
		<name>seed</name>
		<pose>Unspecified</pose>
		<truncated>0</truncated>
		<difficult>0</difficult>
		<bndbox>
			<xmin>1714</xmin>
			<ymin>1706</ymin>
			<xmax>1738</xmax>
			<ymax>1727</ymax>
		</bndbox>
	</object>
	<object>
		<name>seed</name>
		<pose>Unspecified</pose>
		<truncated>0</truncated>
		<difficult>0</difficult>
		<bndbox>
			<xmin>2096</xmin>
			<ymin>1776</ymin>
			<xmax>2120</xmax>
			<ymax>1799</ymax>
		</bndbox>
	</object>
	<object>
		<name>seed</name>
		<pose>Unspecified</pose>
		<truncated>0</truncated>
		<difficult>0</difficult>
		<bndbox>
			<xmin>1501</xmin>
			<ymin>1651</ymin>
			<xmax>1525</xmax>
			<ymax>1675</ymax>
		</bndbox>
	</object>
	<object>
		<name>seed</name>
		<pose>Unspecified</pose>
		<truncated>0</truncated>
		<difficult>0</difficult>
		<bndbox>
			<xmin>1920</xmin>
			<ymin>1728</ymin>
			<xmax>1941</xmax>
			<ymax>1750</ymax>
		</bndbox>
	</object>
	<object>
		<name>seed</name>
		<pose>Unspecified</pose>
		<truncated>0</truncated>
		<difficult>0</difficult>
		<bndbox>
			<xmin>1470</xmin>
			<ymin>1564</ymin>
			<xmax>1492</xmax>
			<ymax>1587</ymax>
		</bndbox>
	</object>
	<object>
		<name>seed</name>
		<pose>Unspecified</pose>
		<truncated>0</truncated>
		<difficult>0</difficult>
		<bndbox>
			<xmin>1931</xmin>
			<ymin>1775</ymin>
			<xmax>1955</xmax>
			<ymax>1797</ymax>
		</bndbox>
	</object>
	<object>
		<name>seed</name>
		<pose>Unspecified</pose>
		<truncated>0</truncated>
		<difficult>0</difficult>
		<bndbox>
			<xmin>991</xmin>
			<ymin>1103</ymin>
			<xmax>1014</xmax>
			<ymax>1119</ymax>
		</bndbox>
	</object>
	<object>
		<name>seed</name>
		<pose>Unspecified</pose>
		<truncated>0</truncated>
		<difficult>0</difficult>
		<bndbox>
			<xmin>1231</xmin>
			<ymin>1438</ymin>
			<xmax>1257</xmax>
			<ymax>1462</ymax>
		</bndbox>
	</object>
	<object>
		<name>seed</name>
		<pose>Unspecified</pose>
		<truncated>0</truncated>
		<difficult>0</difficult>
		<bndbox>
			<xmin>909</xmin>
			<ymin>1791</ymin>
			<xmax>940</xmax>
			<ymax>1808</ymax>
		</bndbox>
	</object>
	<object>
		<name>seed</name>
		<pose>Unspecified</pose>
		<truncated>0</truncated>
		<difficult>0</difficult>
		<bndbox>
			<xmin>1960</xmin>
			<ymin>2223</ymin>
			<xmax>1984</xmax>
			<ymax>2248</ymax>
		</bndbox>
	</object>
	<object>
		<name>seed</name>
		<pose>Unspecified</pose>
		<truncated>0</truncated>
		<difficult>0</difficult>
		<bndbox>
			<xmin>1574</xmin>
			<ymin>1514</ymin>
			<xmax>1595</xmax>
			<ymax>1536</ymax>
		</bndbox>
	</object>
	<object>
		<name>seed</name>
		<pose>Unspecified</pose>
		<truncated>0</truncated>
		<difficult>0</difficult>
		<bndbox>
			<xmin>1478</xmin>
			<ymin>1525</ymin>
			<xmax>1504</xmax>
			<ymax>1549</ymax>
		</bndbox>
	</object>
	<object>
		<name>seed</name>
		<pose>Unspecified</pose>
		<truncated>0</truncated>
		<difficult>0</difficult>
		<bndbox>
			<xmin>1545</xmin>
			<ymin>1016</ymin>
			<xmax>1568</xmax>
			<ymax>1039</ymax>
		</bndbox>
	</object>
	<object>
		<name>seed</name>
		<pose>Unspecified</pose>
		<truncated>0</truncated>
		<difficult>0</difficult>
		<bndbox>
			<xmin>1216</xmin>
			<ymin>347</ymin>
			<xmax>1238</xmax>
			<ymax>367</ymax>
		</bndbox>
	</object>
	<object>
		<name>seed</name>
		<pose>Unspecified</pose>
		<truncated>0</truncated>
		<difficult>0</difficult>
		<bndbox>
			<xmin>1317</xmin>
			<ymin>921</ymin>
			<xmax>1332</xmax>
			<ymax>941</ymax>
		</bndbox>
	</object>
	<object>
		<name>seed</name>
		<pose>Unspecified</pose>
		<truncated>0</truncated>
		<difficult>0</difficult>
		<bndbox>
			<xmin>1280</xmin>
			<ymin>923</ymin>
			<xmax>1304</xmax>
			<ymax>939</ymax>
		</bndbox>
	</object>
</annotation>
